Date,Close
2015-11-04,16.81439208984375
2015-11-05,16.81439208984375
2015-11-06,16.847766876220703
2015-11-09,16.847766876220703
2015-11-10,16.847766876220703
2015-11-11,16.847766876220703
2015-11-12,16.754314422607422
2015-11-13,16.841094970703125
2015-11-16,16.841094970703125
2015-11-17,17.303668975830078
2015-11-18,17.303668975830078
2015-11-19,17.303668975830078
2015-11-20,16.740968704223633
2015-11-23,16.740968704223633
2015-11-24,16.647510528564453
2015-11-25,16.694238662719727
2015-11-27,16.694238662719727
2015-11-30,16.714277267456055
2015-12-01,16.714277267456055
2015-12-02,16.80771255493164
2015-12-03,16.700929641723633
2015-12-04,16.647510528564453
2015-12-07,16.646177291870117
2015-12-08,16.646177291870117
2015-12-09,16.646177291870117
2015-12-10,16.520692825317383
2015-12-11,16.534042358398438
2015-12-14,16.534042358398438
2015-12-15,16.534042358398438
2015-12-16,16.58076286315918
2015-12-17,17.174842834472656
2015-12-18,16.487316131591797
2015-12-21,16.337133407592773
2015-12-22,16.360496520996094
2015-12-23,16.457855224609375
2015-12-24,16.457855224609375
2015-12-28,16.457855224609375
2015-12-29,16.457855224609375
2015-12-30,16.457855224609375
2015-12-31,16.48470687866211
2016-01-04,16.451143264770508
2016-01-05,16.451143264770508
2016-01-06,16.464580535888672
2016-01-07,16.236270904541016
2016-01-08,16.075119018554688
2016-01-11,16.068401336669922
2016-01-12,16.068401336669922
2016-01-13,16.014684677124023
2016-01-14,15.849495887756348
2016-01-15,15.849495887756348
2016-01-19,15.739375114440918
2016-01-20,15.618504524230957
2016-01-21,15.638680458068848
2016-01-22,15.592963218688965
2016-01-25,15.592963218688965
2016-01-26,15.732802391052246
2016-01-27,15.732802391052246
2016-01-28,15.732802391052246
2016-01-29,15.732802391052246
2016-02-01,15.813485145568848
2016-02-02,16.593408584594727
2016-02-03,16.015201568603516
2016-02-04,15.65886116027832
2016-02-05,15.719366073608398
2016-02-08,15.685744285583496
2016-02-09,15.685744285583496
2016-02-10,15.685744285583496
2016-02-11,15.194933891296387
2016-02-12,15.06045913696289
2016-02-16,15.134424209594727
2016-02-17,15.679685592651367
2016-02-18,15.127705574035645
2016-02-19,15.127705574035645
2016-02-22,15.127705574035645
2016-02-23,15.612434387207031
2016-02-24,15.612434387207031
2016-02-25,15.854798316955566
2016-02-26,15.854798316955566
2016-02-29,15.723519325256348
2016-03-01,15.723519325256348
2016-03-02,15.723519325256348
2016-03-03,15.723519325256348
2016-03-04,15.723519325256348
2016-03-07,15.723519325256348
2016-03-08,15.723519325256348
2016-03-09,15.989441871643066
2016-03-10,15.989441871643066
2016-03-11,15.989441871643066
2016-03-14,15.767280578613281
2016-03-15,16.238557815551758
2016-03-16,16.238557815551758
2016-03-17,16.122739791870117
2016-03-18,16.122739791870117
2016-03-21,16.122739791870117
2016-03-22,16.292417526245117
2016-03-23,16.15102195739746
2016-03-24,16.15102195739746
2016-03-28,16.15102195739746
2016-03-29,16.15102195739746
2016-03-30,16.15102195739746
2016-03-31,16.238557815551758
2016-04-01,16.225082397460938
2016-04-04,16.225082397460938
2016-04-05,16.29913902282715
2016-04-06,16.29913902282715
2016-04-07,16.29913902282715
2016-04-08,16.29913902282715
2016-04-11,16.29913902282715
2016-04-12,16.29913902282715
2016-04-13,16.585933685302734
2016-04-14,16.585933685302734
2016-04-15,16.585933685302734
2016-04-18,16.585933685302734
2016-04-19,16.585933685302734
2016-04-20,16.64921760559082
2016-04-21,16.581830978393555
2016-04-22,16.581830978393555
2016-04-25,16.581830978393555
2016-04-26,16.581830978393555
2016-04-27,16.581830978393555
2016-04-28,16.581830978393555
2016-04-29,16.581830978393555
2016-05-02,16.581830978393555
2016-05-03,16.406574249267578
2016-05-04,15.954954147338867
2016-05-05,15.954954147338867
2016-05-06,16.109989166259766
2016-05-09,16.109989166259766
2016-05-10,16.224565505981445
2016-05-11,16.224565505981445
2016-05-12,16.37959861755371
2016-05-13,16.37959861755371
2016-05-16,16.37959861755371
2016-05-17,16.251523971557617
2016-05-18,16.251523971557617
2016-05-19,16.251523971557617
2016-05-20,16.271766662597656
2016-05-23,16.271766662597656
2016-05-24,16.271766662597656
2016-05-25,16.271766662597656
2016-05-26,16.271766662597656
2016-05-27,16.555234909057617
2016-05-31,16.332523345947266
2016-06-01,16.45536231994629
2016-06-02,16.5687255859375
2016-06-03,16.75095558166504
2016-06-06,16.75095558166504
2016-06-07,16.75095558166504
2016-06-08,16.75095558166504
2016-06-09,16.75095558166504
2016-06-10,16.6875057220459
2016-06-13,16.764450073242188
2016-06-14,16.69696044921875
2016-06-15,16.64972686767578
2016-06-16,16.68345832824707
2016-06-17,16.764450073242188
2016-06-20,16.93992042541504
2016-06-21,16.771196365356445
2016-06-22,16.79823112487793
2016-06-23,16.79823112487793
2016-06-24,17.07526969909668
2016-06-27,17.31177520751953
2016-06-28,16.892824172973633
2016-06-29,16.629310607910156
2016-06-30,16.629310607910156
2016-07-01,16.676599502563477
2016-07-05,17.014461517333984
2016-07-06,16.892824172973633
2016-07-07,17.433406829833984
2016-07-08,16.9468936920166
2016-07-11,17.05499839782715
2016-07-12,17.764495849609375
2016-07-13,17.095544815063477
2016-07-14,17.095544815063477
2016-07-15,17.095544815063477
2016-07-18,17.095544815063477
2016-07-19,17.095544815063477
2016-07-20,17.095544815063477
2016-07-21,17.11583709716797
2016-07-22,17.11583709716797
2016-07-25,17.11583709716797
2016-07-26,17.555578231811523
2016-07-27,17.555578231811523
2016-07-28,17.58262825012207
2016-07-29,17.58262825012207
2016-08-01,17.58262825012207
2016-08-02,17.49063491821289
2016-08-03,17.352619171142578
2016-08-04,17.352619171142578
2016-08-05,17.352619171142578
2016-08-08,17.352619171142578
2016-08-09,17.352619171142578
2016-08-10,17.711183547973633
2016-08-11,17.711183547973633
2016-08-12,17.711183547973633
2016-08-15,17.684112548828125
2016-08-16,17.684112548828125
2016-08-17,17.684112548828125
2016-08-18,17.684112548828125
2016-08-19,17.684112548828125
2016-08-22,17.684112548828125
2016-08-23,17.704435348510742
2016-08-24,17.704435348510742
2016-08-25,17.704435348510742
2016-08-26,17.704435348510742
2016-08-29,17.704435348510742
2016-08-30,17.704435348510742
2016-08-31,17.704435348510742
2016-09-01,17.704435348510742
2016-09-02,17.704435348510742
2016-09-06,17.704435348510742
2016-09-07,17.704435348510742
2016-09-08,17.704435348510742
2016-09-09,17.690887451171875
2016-09-12,17.440290451049805
2016-09-13,17.440290451049805
2016-09-14,17.440290451049805
2016-09-15,17.440290451049805
2016-09-16,17.440290451049805
2016-09-19,17.07455062866211
2016-09-20,17.60283660888672
2016-09-21,17.623180389404297
2016-09-22,17.69776725769043
2016-09-23,17.69776725769043
2016-09-26,17.69776725769043
2016-09-27,17.69776725769043
2016-09-28,17.69776725769043
2016-09-29,17.779130935668945
2016-09-30,17.779130935668945
2016-10-03,17.779130935668945
2016-10-04,17.779130935668945
2016-10-05,17.779130935668945
2016-10-06,17.690980911254883
2016-10-07,17.711334228515625
2016-10-10,17.711334228515625
2016-10-11,17.711334228515625
2016-10-12,17.342456817626953
2016-10-13,17.20956039428711
2016-10-14,17.226490020751953
2016-10-17,17.13022804260254
2016-10-18,17.13496971130371
2016-10-19,17.297712326049805
2016-10-20,17.31804656982422
2016-10-21,17.331623077392578
2016-10-24,17.331623077392578
2016-10-25,17.331623077392578
2016-10-26,17.331623077392578
2016-10-27,17.304479598999023
2016-10-28,17.282060623168945
2016-10-31,17.263736724853516
2016-11-01,17.146974563598633
2016-11-02,17.012557983398438
2016-11-03,16.9860782623291
2016-11-04,17.060068130493164
2016-11-07,16.91750717163086
2016-11-08,17.087221145629883
2016-11-09,17.046497344970703
2016-11-10,17.13475227355957
2016-11-11,17.20942497253418
2016-11-14,17.032913208007812
2016-11-15,17.284109115600586
2016-11-16,17.17548942565918
2016-11-17,17.603178024291992
2016-11-18,17.51491928100586
2016-11-21,17.582801818847656
2016-11-22,17.569210052490234
2016-11-23,17.576007843017578
2016-11-25,17.576007843017578
2016-11-28,17.577375411987305
2016-11-29,17.590286254882812
2016-11-30,17.535228729248047
2016-12-01,17.584842681884766
2016-12-02,17.377552032470703
2016-12-05,17.3177433013916
2016-12-06,17.643970489501953
2016-12-07,17.399293899536133
2016-12-08,17.841079711914062
2016-12-09,17.842437744140625
2016-12-12,17.602500915527344
2016-12-13,17.77992057800293
2016-12-14,17.770397186279297
2016-12-15,17.685436248779297
2016-12-16,17.888662338256836
2016-12-19,17.671167373657227
2016-12-20,17.62359046936035
2016-12-21,17.691978454589844
2016-12-22,17.650941848754883
2016-12-23,17.6447811126709
2016-12-27,17.63726043701172
2016-12-28,17.67145538330078
2016-12-29,17.78087043762207
2016-12-30,17.78087043762207
2017-01-03,17.66461944580078
2017-01-04,17.726160049438477
2017-01-05,17.821908950805664
2017-01-06,17.801393508911133
2017-01-09,17.92449378967285
2017-01-10,17.92449378967285
2017-01-11,17.903982162475586
2017-01-12,17.99972152709961
2017-01-13,18.12965965270996
2017-01-17,18.02023696899414
2017-01-18,17.99972152709961
2017-01-19,17.93817901611328
2017-01-20,17.93817901611328
2017-01-23,17.93132972717285
2017-01-24,18.023754119873047
2017-01-25,17.986087799072266
2017-01-26,18.113449096679688
2017-01-27,18.109342575073242
2017-01-30,18.109342575073242
2017-01-31,18.0545597076416
2017-02-01,18.042917251586914
2017-02-02,18.061410903930664
2017-02-03,18.287349700927734
2017-02-06,18.19354820251465
2017-02-07,18.307878494262695
2017-02-08,18.301044464111328
2017-02-09,18.34897232055664
2017-02-10,18.437978744506836
2017-02-13,18.513280868530273
2017-02-14,18.440034866333008
2017-02-15,18.492746353149414
2017-02-16,18.47905158996582
2017-02-17,18.417428970336914
2017-02-21,18.505062103271484
2017-02-22,18.474918365478516
2017-02-23,18.492727279663086
2017-02-24,18.3796329498291
2017-02-27,18.4097843170166
2017-02-28,18.341938018798828
2017-03-01,18.47422981262207
2017-03-02,18.48587989807129
2017-03-03,18.389917373657227
2017-03-06,18.376205444335938
2017-03-07,18.47901725769043
2017-03-08,18.335086822509766
2017-03-09,18.26585578918457
2017-03-10,18.28710174560547
2017-03-13,18.28710174560547
2017-03-14,18.293954849243164
2017-03-15,18.376205444335938
2017-03-16,18.383071899414062
2017-03-17,18.410484313964844
2017-03-20,18.403629302978516
2017-03-21,18.376205444335938
2017-03-22,18.321378707885742
2017-03-23,18.286378860473633
2017-03-24,18.307649612426758
2017-03-27,18.36941146850586
2017-03-28,18.42430877685547
2017-03-29,18.482633590698242
2017-03-30,18.527233123779297
2017-03-31,18.52037811279297
2017-04-03,18.515579223632812
2017-04-04,18.46548843383789
2017-04-05,18.468229293823242
2017-04-06,18.6507568359375
2017-04-07,18.719369888305664
2017-04-10,18.575279235839844
2017-04-11,18.527233123779297
2017-04-12,18.486064910888672
2017-04-13,18.479202270507812
2017-04-17,18.472335815429688
2017-04-18,18.356380462646484
2017-04-19,18.373531341552734
2017-04-20,18.46548843383789
2017-04-21,18.51356315612793
2017-04-24,18.6097412109375
2017-04-25,18.733388900756836
2017-04-26,18.740257263183594
2017-04-27,18.75056266784668
2017-04-28,18.767749786376953
2017-05-01,18.76705551147461
2017-05-02,18.70591163635254
2017-05-03,18.702486038208008
2017-05-04,18.668134689331055
2017-05-05,18.678434371948242
2017-05-08,18.685298919677734
2017-05-09,18.685298919677734
2017-05-10,18.774606704711914
2017-05-11,18.6962890625
2017-05-12,18.71347999572754
2017-05-15,18.794525146484375
2017-05-16,18.81583595275879
2017-05-17,18.671573638916016
2017-05-18,18.61661148071289
2017-05-19,18.6873722076416
2017-05-22,18.835060119628906
2017-05-23,18.857072830200195
2017-05-24,18.863956451416016
2017-05-25,18.91208839416504
2017-05-26,18.91208839416504
2017-05-30,18.91208839416504
2017-05-31,19.115646362304688
2017-06-01,19.132165908813477
2017-06-02,19.11151885986328
2017-06-05,19.125272750854492
2017-06-06,19.066829681396484
2017-06-07,19.176162719726562
2017-06-08,19.200929641723633
2017-06-09,19.097776412963867
2017-06-12,19.08745765686035
2017-06-13,19.102582931518555
2017-06-14,19.090890884399414
2017-06-15,18.95334815979004
2017-06-16,19.043432235717773
2017-06-19,19.166540145874023
2017-06-20,19.197494506835938
2017-06-21,19.1802921295166
2017-06-22,19.235368728637695
2017-06-23,19.373065948486328
2017-06-26,19.304210662841797
2017-06-27,19.19406509399414
2017-06-28,19.256025314331055
2017-06-29,19.001296997070312
2017-06-30,19.063261032104492
2017-07-03,19.104562759399414
2017-07-05,19.125207901000977
2017-07-06,19.02195167541504
2017-07-07,19.097681045532227
2017-07-10,19.125207901000977
2017-07-11,19.221593856811523
2017-07-12,19.316612243652344
2017-07-13,19.595434188842773
2017-07-14,19.33863067626953
2017-07-17,19.421245574951172
2017-07-18,19.407485961914062
2017-07-19,19.524532318115234
2017-07-20,19.531414031982422
2017-07-21,19.489370346069336
2017-07-24,19.470069885253906
2017-07-25,19.572750091552734
2017-07-26,19.593427658081055
2017-07-27,19.54519271850586
2017-07-28,19.552087783813477
2017-07-31,19.54519271850586
2017-08-01,19.503833770751953
2017-08-02,19.4969482421875
2017-08-03,19.4073543548584
2017-08-04,19.414243698120117
2017-08-07,19.414243698120117
2017-08-08,19.392879486083984
2017-08-09,19.39080810546875
2017-08-10,19.221275329589844
2017-08-11,19.13167953491211
2017-08-14,19.303974151611328
2017-08-15,19.283292770385742
2017-08-16,19.297075271606445
2017-08-17,19.16269874572754
2017-08-18,19.166141510009766
2017-08-21,19.179929733276367
2017-08-22,19.23858070373535
2017-08-23,19.210969924926758
2017-08-24,19.314481735229492
2017-08-25,19.315174102783203
2017-08-28,19.252376556396484
2017-08-29,19.297929763793945
2017-08-30,19.392454147338867
2017-08-31,19.57670783996582
2017-09-01,19.583599090576172
2017-09-05,19.442136764526367
2017-09-06,19.528396606445312
2017-09-07,19.411094665527344
2017-09-08,19.45250701904297
2017-09-11,19.60430908203125
2017-09-12,19.69400978088379
2017-09-13,19.52149772644043
2017-09-14,19.619476318359375
2017-09-15,19.6250057220459
2017-09-18,19.590496063232422
2017-09-19,19.6250057220459
2017-09-20,19.60430908203125
2017-09-21,19.597394943237305
2017-09-22,19.583574295043945
2017-09-25,19.566303253173828
2017-09-26,19.445375442504883
2017-09-27,19.673404693603516
2017-09-28,19.714868545532227
2017-09-29,19.804702758789062
2017-10-02,19.777069091796875
2017-10-03,19.922176361083984
2017-10-04,19.839256286621094
2017-10-05,20.00510025024414
2017-10-06,19.991273880004883
2017-10-09,20.00510025024414
2017-10-10,20.06729507446289
2017-10-11,20.039648056030273
2017-10-12,20.101835250854492
2017-10-13,20.04656219482422
2017-10-16,20.039648056030273
2017-10-17,20.04310417175293
2017-10-18,20.061067581176758
2017-10-19,20.060380935668945
2017-10-20,20.115737915039062
2017-10-23,20.07076644897461
2017-10-24,20.067298889160156
2017-10-25,20.011945724487305
2017-10-26,19.90467643737793
2017-10-27,19.991186141967773
2017-10-30,20.022327423095703
2017-10-31,20.130958557128906
2017-11-01,20.1641788482666
2017-11-02,20.108821868896484
2017-11-03,20.184932708740234
2017-11-06,20.24720573425293
2017-11-07,20.219532012939453
2017-11-08,20.174551010131836
2017-11-09,20.129581451416016
2017-11-10,20.100515365600586
2017-11-13,20.158645629882812
2017-11-14,20.143413543701172
2017-11-15,20.12265968322754
2017-11-16,20.20293617248535
2017-11-17,20.19877815246582
2017-11-20,20.178020477294922
2017-11-21,20.365108489990234
2017-11-22,20.40251922607422
2017-11-24,20.433698654174805
2017-11-27,20.35055160522461
2017-11-28,20.372034072875977
2017-11-29,20.1766300201416
2017-11-30,20.191869735717773
2017-12-01,20.205730438232422
2017-12-04,20.011699676513672
2017-12-05,19.873132705688477
2017-12-06,19.838489532470703
2017-12-07,19.89044761657715
2017-12-08,20.011699676513672
2017-12-11,19.940336227416992
2017-12-12,19.94243049621582
2017-12-13,19.893911361694336
2017-12-14,19.909154891967773
2017-12-15,20.007558822631836
2017-12-18,20.1613826751709
2017-12-19,20.01864242553711
2017-12-20,20.20226287841797
2017-12-21,20.164506912231445
2017-12-22,20.073619842529297
2017-12-26,19.905818939208984
2017-12-27,20.017696380615234
2017-12-28,19.996707916259766
2017-12-29,20.03166961669922
2018-01-02,20.10158920288086
2018-01-03,20.164506912231445
2018-01-04,20.283376693725586
2018-01-05,20.33161163330078
2018-01-08,20.409229278564453
2018-01-09,20.514802932739258
2018-01-10,20.43719482421875
2018-01-11,20.402238845825195
2018-01-12,20.57354164123535
2018-01-16,20.58401870727539
2018-01-17,20.52808952331543
2018-01-18,20.672819137573242
2018-01-19,20.741344451904297
2018-01-22,20.82174301147461
2018-01-23,20.989770889282227
2018-01-24,20.989770889282227
2018-01-25,20.77623748779297
2018-01-26,20.954774856567383
2018-01-29,20.926767349243164
2018-01-30,20.765731811523438
2018-01-31,20.736328125
2018-02-01,20.63201141357422
2018-02-02,20.429677963256836
2018-02-05,19.862571716308594
2018-02-06,19.94659423828125
2018-02-07,20.072608947753906
2018-02-08,19.55451202392578
2018-02-09,19.589521408081055
2018-02-12,19.715543746948242
2018-02-13,19.806568145751953
2018-02-14,20.072608947753906
2018-02-15,20.193037033081055
2018-02-16,20.237146377563477
2018-02-20,20.249738693237305
2018-02-21,20.307239532470703
2018-02-22,20.138944625854492
2018-02-23,20.314260482788086
2018-02-26,20.538652420043945
2018-02-27,20.500778198242188
2018-02-28,20.39139175415039
2018-03-01,20.279205322265625
2018-03-02,20.373851776123047
2018-03-05,20.601747512817383
2018-03-06,20.749713897705078
2018-03-07,20.847179412841797
2018-03-08,20.938344955444336
2018-03-09,21.09610366821289
2018-03-12,21.267900466918945
2018-03-13,21.155702590942383
2018-03-14,21.12767219543457
2018-03-15,21.204803466796875
2018-03-16,21.14168930053711
2018-03-19,21.06455421447754
2018-03-20,21.106624603271484
2018-03-21,21.106624603271484
2018-03-22,20.98373794555664
2018-03-23,20.499164581298828
2018-03-26,20.82291030883789
2018-03-27,20.471078872680664
2018-03-28,20.37276840209961
2018-03-29,20.537105560302734
2018-04-02,20.211238861083984
2018-04-03,20.27444076538086
2018-04-04,20.365737915039062
2018-04-05,20.526554107666016
2018-04-06,20.242847442626953
2018-04-09,20.27444076538086
2018-04-10,20.499164581298828
2018-04-11,20.541305541992188
2018-04-12,20.662796020507812
2018-04-13,20.578527450561523
2018-04-16,20.67473602294922
2018-04-17,20.867155075073242
2018-04-18,20.927553176879883
2018-04-19,20.766029357910156
2018-04-20,20.64226531982422
2018-04-23,20.619760513305664
2018-04-24,20.435518264770508
2018-04-25,20.388404846191406
2018-04-26,20.569133758544922
2018-04-27,20.498811721801758
2018-04-30,20.435518264770508
2018-05-01,20.48474884033203
2018-05-02,20.477718353271484
2018-05-03,20.526926040649414
2018-05-04,20.702735900878906
2018-05-07,20.89963722229004
2018-05-08,20.885581970214844
2018-05-09,21.014259338378906
2018-05-10,21.10990333557129
2018-05-11,21.103580474853516
2018-05-14,21.026222229003906
2018-05-15,21.005125045776367
2018-05-16,21.04029083251953
2018-05-17,21.06840705871582
2018-05-18,21.06840705871582
2018-05-21,21.13873863220215
2018-05-22,21.04366111755371
2018-05-23,21.142257690429688
2018-05-24,21.149295806884766
2018-05-25,21.19155502319336
2018-05-29,21.09295654296875
2018-05-30,21.28310775756836
2018-05-31,21.18451499938965
2018-06-01,21.3605899810791
2018-06-04,21.445802688598633
2018-06-05,21.508487701416016
2018-06-06,21.557777404785156
2018-06-07,21.4732608795166
2018-06-08,21.44368553161621
2018-06-11,21.452136993408203
2018-06-12,21.578908920288086
2018-06-13,21.617647171020508
2018-06-14,21.571870803833008
2018-06-15,21.585954666137695
2018-06-18,21.69158935546875
2018-06-19,21.621170043945312
2018-06-20,21.698633193969727
2018-06-21,21.572406768798828
2018-06-22,21.448991775512695
2018-06-25,21.071701049804688
2018-06-26,21.147865295410156
2018-06-27,20.8389835357666
2018-06-28,20.909500122070312
2018-06-29,20.98707389831543
2018-07-02,20.923606872558594
2018-07-03,20.93770980834961
2018-07-05,21.001182556152344
2018-07-06,21.226842880249023
2018-07-09,21.27833366394043
2018-07-10,21.34390640258789
2018-07-11,21.205690383911133
2018-07-12,21.387636184692383
2018-07-13,21.381988525390625
2018-07-16,21.332632064819336
2018-07-17,21.353084564208984
2018-07-18,21.417255401611328
2018-07-19,21.459575653076172
2018-07-20,21.44544792175293
2018-07-23,21.41719627380371
2018-07-24,21.304222106933594
2018-07-25,21.367767333984375
2018-07-26,21.40308952331543
2018-07-27,21.19828987121582
2018-07-30,20.98645782470703
2018-07-31,21.021760940551758
2018-08-01,21.042945861816406
2018-08-02,21.181354522705078
2018-08-03,21.226539611816406
2018-08-06,21.311279296875
2018-08-07,21.452499389648438
2018-08-08,21.428504943847656
2018-08-09,21.41719627380371
2018-08-10,21.29716682434082
2018-08-13,21.240665435791016
2018-08-14,21.255495071411133
2018-08-15,21.07895851135254
2018-08-16,21.12980079650879
2018-08-17,21.078250885009766
2018-08-20,21.113554000854492
2018-08-21,21.28325653076172
2018-08-22,21.410533905029297
2018-08-23,21.46710968017578
2018-08-24,21.633264541625977
2018-08-27,21.760530471801758
2018-08-28,21.805089950561523
2018-08-29,21.891355514526367
2018-08-30,21.863073348999023
2018-08-31,21.90549659729004
2018-09-04,21.954992294311523
2018-09-05,21.78528594970703
2018-09-06,21.693382263183594
2018-09-07,21.5915470123291
2018-09-10,21.665790557861328
2018-09-11,21.78528594970703
2018-09-12,21.806501388549805
2018-09-13,21.853872299194336
2018-09-14,21.90556526184082
2018-09-17,21.735641479492188
2018-09-18,21.778118133544922
2018-09-19,21.721479415893555
2018-09-20,21.81706428527832
2018-09-21,21.756877899169922
2018-09-24,21.771041870117188
2018-09-25,21.806442260742188
2018-09-26,21.757585525512695
2018-09-27,21.848934173583984
2018-09-28,21.798648834228516
2018-10-01,21.809968948364258
2018-10-02,21.671918869018555
2018-10-03,21.63510513305664
2018-10-04,21.289596557617188
2018-10-05,21.208171844482422
2018-10-08,21.009933471679688
2018-10-09,20.974544525146484
2018-10-10,20.532041549682617
2018-10-11,20.46831703186035
2018-10-12,20.58867835998535
2018-10-15,20.609920501708984
2018-10-16,20.86480140686035
2018-10-17,20.915067672729492
2018-10-18,20.730274200439453
2018-10-19,20.54265785217285
2018-10-22,20.550447463989258
2018-10-23,20.482389450073242
2018-10-24,19.98609733581543
2018-10-25,20.106632232666016
2018-10-26,19.97900390625
2018-10-29,19.893938064575195
2018-10-30,20.007369995117188
2018-10-31,20.376039505004883
2018-11-01,20.560373306274414
2018-11-02,20.546192169189453
2018-11-05,20.46111297607422
2018-11-06,20.504365921020508
2018-11-07,20.836870193481445
2018-11-08,20.82269287109375
2018-11-09,20.581640243530273
2018-11-12,20.298036575317383
2018-11-13,20.305131912231445
2018-11-14,20.26968002319336
2018-11-15,20.411487579345703
2018-11-16,20.432750701904297
2018-11-19,20.021547317504883
2018-11-20,19.788291931152344
2018-11-21,19.922489166259766
2018-11-23,19.972187042236328
2018-11-26,20.14471435546875
2018-11-27,20.159622192382812
2018-11-28,20.391080856323242
2018-11-29,20.44078254699707
2018-11-30,20.525976181030273
2018-12-03,20.802885055541992
2018-12-04,20.426578521728516
2018-12-06,20.36054039001465
2018-12-07,20.0999755859375
2018-12-10,20.15677261352539
2018-12-11,20.146127700805664
2018-12-12,20.25617218017578
2018-12-13,20.199384689331055
2018-12-14,20.050281524658203
2018-12-17,19.730789184570312
2018-12-18,19.774887084960938
2018-12-19,19.525924682617188
2018-12-20,19.24138641357422
2018-12-21,19.084896087646484
2018-12-24,18.828819274902344
2018-12-26,18.992431640625
2018-12-27,19.31252670288086
2018-12-28,19.490360260009766
2018-12-31,19.575719833374023
2019-01-02,19.56148910522461
2019-01-03,19.255613327026367
2019-01-04,19.67601776123047
2019-01-07,19.902925491333008
2019-01-08,20.084321975708008
2019-01-09,20.265705108642578
2019-01-10,20.308372497558594
2019-01-11,20.35817527770996
2019-01-14,20.258594512939453
2019-01-15,20.326160430908203
2019-01-16,20.351070404052734
2019-01-17,20.436424255371094
2019-01-18,20.63559341430664
2019-01-22,20.403703689575195
2019-01-23,20.40797233581543
2019-01-24,20.54331398010254
2019-01-25,20.707149505615234
2019-01-28,20.63591766357422
2019-01-29,20.507692337036133
2019-01-30,20.68578338623047
2019-01-31,20.892345428466797
2019-02-01,20.999204635620117
2019-02-04,21.120290756225586
2019-02-05,21.22357749938965
2019-02-06,21.26276206970215
2019-02-07,21.106042861938477
2019-02-08,21.168025970458984
2019-02-11,21.25705337524414
2019-02-12,21.41946029663086
2019-02-13,21.44012451171875
2019-02-14,21.428014755249023
2019-02-15,21.512075424194336
2019-02-19,21.547693252563477
2019-02-20,21.540559768676758
2019-02-21,21.412174224853516
2019-02-22,21.58336067199707
2019-02-25,21.690343856811523
2019-02-26,21.654682159423828
2019-02-27,21.67608070373535
2019-02-28,21.647554397583008
2019-03-01,21.747404098510742
2019-03-04,21.647554397583008
2019-03-05,21.654682159423828
2019-03-06,21.504901885986328
2019-03-07,21.397911071777344
2019-03-08,21.423585891723633
2019-03-11,21.619022369384766
2019-03-12,21.698902130126953
2019-03-13,21.658248901367188
2019-03-14,21.735286712646484
2019-03-15,21.82230567932129
2019-03-18,21.7688045501709
2019-03-19,21.85440444946289
2019-03-20,21.797340393066406
2019-03-21,22.02589225769043
2019-03-22,21.768775939941406
2019-03-25,21.654499053955078
2019-03-26,21.6623592376709
2019-03-27,21.518802642822266
2019-03-28,21.568788528442383
2019-03-29,21.71234893798828
2019-04-01,21.825904846191406
2019-04-02,21.854480743408203
2019-04-03,21.961593627929688
2019-04-04,21.904460906982422
2019-04-05,21.947315216064453
2019-04-08,21.983036041259766
2019-04-09,21.961593627929688
2019-04-10,22.090158462524414
2019-04-11,22.104446411132812
2019-04-12,22.111587524414062
2019-04-15,22.054454803466797
2019-04-16,22.09872817993164
2019-04-17,21.947315216064453
2019-04-18,21.875900268554688
2019-04-22,21.91161346435547
2019-04-23,21.961668014526367
2019-04-24,22.169057846069336
2019-04-25,22.107563018798828
2019-04-26,22.15475082397461
2019-04-29,22.27918243408203
2019-04-30,22.283477783203125
2019-05-01,22.283477783203125
2019-05-02,22.118999481201172
2019-05-03,22.32495880126953
2019-05-06,22.262022018432617
2019-05-07,22.118999481201172
2019-05-08,22.047475814819336
2019-05-09,21.985265731811523
2019-05-10,22.01173210144043
2019-05-13,21.625560760498047
2019-05-14,21.758567810058594
2019-05-15,21.92591094970703
2019-05-16,21.961668014526367
2019-05-17,21.904460906982422
2019-05-20,21.64701271057129
2019-05-21,21.798097610473633
2019-05-22,21.865415573120117
2019-05-23,21.67565155029297
2019-05-24,21.697132110595703
2019-05-28,21.732942581176758
2019-05-29,21.614072799682617
2019-05-30,21.690690994262695
2019-05-31,21.63985252380371
2019-06-03,21.5360164642334
2019-06-04,21.704301834106445
2019-06-05,21.840349197387695
2019-06-06,21.92843246459961
2019-06-07,22.1196231842041
2019-06-10,22.16258430480957
2019-06-11,22.083824157714844
2019-06-12,22.126785278320312
2019-06-13,22.126785278320312
2019-06-14,22.040746688842773
2019-06-17,22.155452728271484
2019-06-18,22.25583839416504
2019-06-19,22.349058151245117
2019-06-20,22.456600189208984
2019-06-21,22.363401412963867
2019-06-24,22.370559692382812
2019-06-25,22.22429656982422
2019-06-26,22.176973342895508
2019-06-27,22.291696548461914
2019-06-28,22.478120803833008
2019-07-01,22.60001564025879
2019-07-02,22.578489303588867
2019-07-03,22.703969955444336
2019-07-05,22.70038414001465
2019-07-08,22.65020179748535
2019-07-09,22.786428451538086
2019-07-10,22.8509578704834
2019-07-11,22.872467041015625
2019-07-12,22.865297317504883
2019-07-15,22.958507537841797
2019-07-16,22.8509578704834
2019-07-17,22.89397621154785
2019-07-18,22.908315658569336
2019-07-19,22.90114974975586
2019-07-22,22.872467041015625
2019-07-23,22.88681983947754
2019-07-24,23.073482513427734
2019-07-25,23.00168800354004
2019-07-26,23.130901336669922
2019-07-29,23.073482513427734
2019-07-30,23.02322769165039
2019-07-31,22.9945125579834
2019-08-01,22.750429153442383
2019-08-02,22.649917602539062
2019-08-05,22.14738655090332
2019-08-06,22.290966033935547
2019-08-07,22.43454933166504
2019-08-08,22.642736434936523
2019-08-09,22.678630828857422
2019-08-12,22.52069854736328
2019-08-13,22.56377601623535
2019-08-14,22.38429832458496
2019-08-15,22.283775329589844
2019-08-16,22.398649215698242
2019-08-19,22.521408081054688
2019-08-20,22.53505516052246
2019-08-21,22.628501892089844
2019-08-22,22.64287567138672
2019-08-23,22.47035789489746
2019-08-26,22.39129638671875
2019-08-27,22.520679473876953
2019-08-28,22.4071044921875
2019-08-29,22.614126205444336
2019-08-30,22.6069393157959
2019-09-03,22.427230834960938
2019-09-04,22.592561721801758
2019-09-05,22.646469116210938
2019-09-06,22.664440155029297
2019-09-09,22.527864456176758
2019-09-10,22.412858963012695
2019-09-11,22.527864456176758
2019-09-12,22.66803550720215
2019-09-13,22.632091522216797
2019-09-16,22.614126205444336
2019-09-17,22.721939086914062
2019-09-18,22.76434898376465
2019-09-19,22.765077590942383
2019-09-20,22.703256607055664
2019-09-23,22.743515014648438
2019-09-24,22.55661964416504
2019-09-25,22.50982666015625
2019-09-26,22.542224884033203
2019-09-27,22.434261322021484
2019-09-30,22.455860137939453
2019-10-01,22.38388442993164
2019-10-02,22.07439613342285
2019-10-03,22.268728256225586
2019-10-04,22.47744369506836
2019-10-07,22.49183464050293
2019-10-08,22.225543975830078
2019-10-09,22.342138290405273
2019-10-10,22.41267967224121
2019-10-11,22.59980583190918
2019-10-14,22.57101058959961
2019-10-15,22.729351043701172
2019-10-16,22.586124420166016
2019-10-17,22.64730453491211
2019-10-18,22.555889129638672
2019-10-21,22.592615127563477
2019-10-22,22.575307846069336
2019-10-23,22.498918533325195
2019-10-24,22.5745906829834
2019-10-25,22.70791244506836
2019-10-28,22.693496704101562
2019-10-29,22.823211669921875
2019-10-30,22.693496704101562
2019-10-31,22.83043098449707
2019-11-01,22.816009521484375
2019-11-04,22.859254837036133
2019-11-05,22.877262115478516
2019-11-06,22.76555824279785
2019-11-07,22.80160140991211
2019-11-08,22.988964080810547
2019-11-11,22.92410659790039
2019-11-12,22.981754302978516
2019-11-13,22.902488708496094
2019-11-14,22.91040802001953
2019-11-15,23.078327178955078
2019-11-18,23.114368438720703
2019-11-19,23.21236801147461
2019-11-20,23.19795036315918
2019-11-21,23.29897689819336
2019-11-22,23.295373916625977
2019-11-25,23.320615768432617
2019-11-26,23.56595230102539
2019-11-27,23.64892578125
2019-11-29,23.626562118530273
2019-12-02,23.40720558166504
2019-12-03,23.363914489746094
2019-12-04,23.469261169433594
2019-12-05,23.451950073242188
2019-12-06,23.56595230102539
2019-12-09,23.497404098510742
2019-12-10,23.443286895751953
2019-12-11,23.508941650390625
2019-12-12,23.64026641845703
2019-12-13,23.627248764038086
2019-12-16,23.753864288330078
2019-12-17,23.822601318359375
2019-12-18,23.880481719970703
2019-12-19,23.946319580078125
2019-12-20,24.057756423950195
2019-12-23,24.155431747436523
2019-12-24,24.148208618164062
2019-12-26,24.235027313232422
2019-12-27,24.227787017822266
2019-12-30,23.927515029907227
2019-12-31,23.941980361938477
2020-01-02,24.14457130432129
2020-01-03,24.202468872070312
2020-01-06,24.25311279296875
2020-01-07,24.448463439941406
2020-01-08,24.455699920654297
2020-01-09,24.593170166015625
2020-01-10,24.517194747924805
2020-01-13,24.570735931396484
2020-01-14,24.61487579345703
2020-01-15,24.708942413330078
2020-01-16,24.750173568725586
2020-01-17,24.79576301574707
2020-01-21,24.78853416442871
2020-01-22,24.846485137939453
2020-01-23,24.991361618041992
2020-01-24,24.846485137939453
2020-01-27,24.55672836303711
2020-01-28,24.72334098815918
2020-01-29,24.743610382080078
2020-01-30,24.93340492248535
2020-01-31,24.5856990814209
2020-02-03,24.71246910095215
2020-02-04,25.08915138244629
2020-02-05,25.027570724487305
2020-02-06,25.1253719329834
2020-02-07,25.08915138244629
2020-02-10,25.181148529052734
2020-02-11,25.291973114013672
2020-02-12,25.400630950927734
2020-02-13,25.51002311706543
2020-02-14,25.585355758666992
2020-02-18,25.657791137695312
2020-02-19,25.791799545288086
2020-02-20,25.759218215942383
2020-02-21,25.498863220214844
2020-02-24,24.975988388061523
2020-02-25,24.547395706176758
2020-02-26,24.422658920288086
2020-02-27,23.82291603088379
2020-02-28,23.728641510009766
2020-03-02,24.09849739074707
2020-03-03,23.801889419555664
2020-03-04,24.21089744567871
2020-03-05,23.8627986907959
2020-03-06,23.532838821411133
2020-03-09,22.49580192565918
2020-03-10,22.608922958374023
2020-03-11,22.002660751342773
2020-03-12,19.711015701293945
2020-03-13,20.58851432800293
2020-03-16,19.107648849487305
2020-03-17,19.05470848083496
2020-03-18,18.615955352783203
2020-03-19,18.673974990844727
2020-03-20,18.410734176635742
2020-03-23,18.07930564880371
2020-03-24,19.21062469482422
2020-03-25,19.87781524658203
2020-03-26,20.65854835510254
2020-03-27,20.451553344726562
2020-03-30,20.84882926940918
2020-03-31,20.761672973632812
2020-04-01,19.950439453125
2020-04-02,20.06664276123047
2020-04-03,19.96860122680664
2020-04-06,20.756589889526367
2020-04-07,20.838666915893555
2020-04-08,21.274412155151367
2020-04-09,21.526430130004883
2020-04-13,21.67168426513672
2020-04-14,22.20185089111328
2020-04-15,22.092906951904297
2020-04-16,22.159725189208984
2020-04-17,22.401575088500977
2020-04-20,22.44588279724121
2020-04-21,22.045915603637695
2020-04-22,22.419694900512695
2020-04-23,22.492414474487305
2020-04-24,22.556407928466797
2020-04-27,22.90692901611328
2020-04-28,22.998550415039062
2020-04-29,23.300342559814453
2020-04-30,23.365068435668945
2020-05-01,22.688762664794922
2020-05-04,22.773839950561523
2020-05-05,23.125091552734375
2020-05-06,23.306161880493164
2020-05-07,23.205078125
2020-05-08,23.903194427490234
2020-05-11,23.932275772094727
2020-05-12,23.859561920166016
2020-05-13,23.395601272583008
2020-05-14,23.41305160522461
2020-05-15,23.45595932006836
2020-05-18,23.99046516418457
2020-05-19,23.879928588867188
2020-05-20,24.08135986328125
2020-05-21,24.088642120361328
2020-05-22,24.14179801940918
2020-05-26,24.425020217895508
2020-05-27,24.43811798095703
2020-05-28,24.57354164123535
2020-05-29,24.805803298950195
2020-06-01,25.17713165283203
2020-06-02,25.330018997192383
2020-06-03,25.481460571289062
2020-06-04,25.254297256469727
2020-06-05,25.504758834838867
2020-06-08,25.89064598083496
2020-06-09,25.723188400268555
2020-06-10,25.745031356811523
2020-06-11,24.674747467041016
2020-06-12,24.900453567504883
2020-06-15,25.271774291992188
2020-06-16,25.534618377685547
2020-06-17,25.74867820739746
2020-06-18,25.741392135620117
2020-06-19,25.77706527709961
2020-06-22,25.94379997253418
2020-06-23,26.114164352416992
2020-06-24,25.477819442749023
2020-06-25,25.679737091064453
2020-06-26,25.51936912536621
2020-06-29,25.464702606201172
2020-06-30,25.8685245513916
2020-07-01,26.23735809326172
2020-07-02,26.552974700927734
2020-07-06,26.902118682861328
2020-07-07,26.9575252532959
2020-07-08,27.069046020507812
2020-07-09,27.305946350097656
2020-07-10,27.451730728149414
2020-07-13,26.904312133789062
2020-07-14,26.74394416809082
2020-07-15,27.33437728881836
2020-07-16,27.34093475341797
2020-07-17,27.45465087890625
2020-07-20,28.012271881103516
2020-07-21,27.921051025390625
2020-07-22,27.859041213989258
2020-07-23,27.465009689331055
2020-07-24,27.205974578857422
2020-07-27,27.711647033691406
2020-07-28,27.640859603881836
2020-07-29,27.94658851623535
2020-07-30,28.143606185913086
2020-07-31,28.14214515686035
2020-08-03,28.5814151763916
2020-08-04,28.650728225708008
2020-08-05,28.873287200927734
2020-08-06,28.74924087524414
2020-08-07,28.260356903076172
2020-08-10,28.129024505615234
2020-08-11,27.897714614868164
2020-08-12,28.201976776123047
2020-08-13,28.544931411743164
2020-08-14,28.51573944091797
2020-08-17,28.95356559753418
2020-08-18,29.22353744506836
2020-08-19,29.11846351623535
2020-08-20,29.420541763305664
2020-08-21,29.424907684326172
2020-08-24,29.340923309326172
2020-08-25,29.362110137939453
2020-08-26,29.841249465942383
2020-08-27,30.026763916015625
2020-08-28,30.21302032470703
2020-08-31,30.559965133666992
2020-09-01,30.81560516357422
2020-09-02,30.625709533691406
2020-09-03,29.52280044555664
2020-09-04,29.04804801940918
2020-09-08,28.30229949951172
2020-09-09,28.565977096557617
2020-09-10,28.646318435668945
2020-09-11,28.485624313354492
2020-09-14,29.011520385742188
2020-09-15,29.354808807373047
2020-09-16,29.411039352416992
2020-09-17,29.17220115661621
2020-09-18,29.216033935546875
2020-09-21,29.056795120239258
2020-09-22,29.091856002807617
2020-09-23,28.58058738708496
2020-09-24,28.47164535522461
2020-09-25,28.99513816833496
2020-09-28,29.371681213378906
2020-09-29,29.35194969177246
2020-09-30,29.47477149963379
2020-10-01,29.903968811035156
2020-10-02,29.567630767822266
2020-10-05,30.017282485961914
2020-10-06,29.889331817626953
2020-10-07,30.355083465576172
2020-10-08,30.544448852539062
2020-10-09,30.781341552734375
2020-10-12,31.055522918701172
2020-10-13,31.11034393310547
2020-10-14,31.07379150390625
2020-10-15,30.931236267089844
2020-10-16,30.905635833740234
2020-10-19,30.803279876708984
2020-10-20,30.850807189941406
2020-10-21,30.6700439453125
2020-10-22,30.671504974365234
2020-10-23,30.842756271362305
2020-10-26,30.58367156982422
2020-10-27,30.634170532226562
2020-10-28,29.888416290283203
2020-10-29,30.28508186340332
2020-10-30,29.584705352783203
2020-11-02,29.526165008544922
2020-11-03,30.07870101928711
2020-11-04,30.898372650146484
2020-11-05,31.64483642578125
2020-11-06,31.857067108154297
2020-11-09,31.615556716918945
2020-11-10,30.730043411254883
2020-11-11,31.242326736450195
2020-11-12,31.241600036621094
2020-11-13,31.439926147460938
2020-11-16,31.564353942871094
2020-11-17,31.696060180664062
2020-11-18,31.80147361755371
2020-11-19,32.17176818847656
2020-11-20,32.405975341796875
2020-11-23,32.84357833862305
2020-11-24,33.0325813293457
2020-11-25,33.240604400634766
2020-11-27,33.720401763916016
2020-11-30,33.52628707885742
2020-12-01,33.70940017700195
2020-12-02,33.62153244018555
2020-12-03,33.943809509277344
2020-12-04,34.29540252685547
2020-12-07,34.603065490722656
2020-12-08,34.925350189208984
2020-12-09,34.2880744934082
2020-12-10,34.76420974731445
2020-12-11,34.64699935913086
2020-12-14,34.88140869140625
2020-12-15,35.13777160644531
2020-12-16,35.174381256103516
2020-12-17,35.770633697509766
2020-12-18,35.965484619140625
2020-12-21,35.84316635131836
2020-12-22,36.03141403198242
2020-12-23,36.163272857666016
2020-12-24,36.187644958496094
2020-12-28,35.90699005126953
2020-12-29,35.700218200683594
2020-12-30,36.116737365722656
2020-12-31,36.15810012817383
2021-01-04,35.91438293457031
2021-01-05,36.41656494140625
2021-01-06,36.60490036010742
2021-01-07,37.70899200439453
2021-01-08,37.982234954833984
2021-01-11,37.81976318359375
2021-01-12,38.412078857421875
2021-01-13,38.44383239746094
2021-01-14,38.76509475708008
2021-01-15,38.28504943847656
2021-01-19,38.60703659057617
2021-01-20,38.9497184753418
2021-01-21,38.85068130493164
2021-01-22,38.88246536254883
2021-01-25,38.832183837890625
2021-01-26,38.336280822753906
2021-01-27,37.124183654785156
2021-01-28,37.73760986328125
2021-01-29,37.138954162597656
2021-02-01,37.91499328613281
2021-02-02,38.64669418334961
2021-02-03,38.76863479614258
2021-02-04,39.27196502685547
2021-02-05,39.740535736083984
2021-02-08,40.124855041503906
2021-02-09,40.3983039855957
2021-02-10,40.35396194458008
2021-02-11,40.659950256347656
2021-02-12,41.041316986083984
2021-02-16,40.84915542602539
2021-02-17,40.55352020263672
2021-02-18,40.25049591064453
2021-02-19,40.75306701660156
2021-02-22,39.733131408691406
2021-02-23,39.55562210083008
2021-02-24,39.881065368652344
2021-02-25,38.520145416259766
2021-02-26,38.860374450683594
2021-03-01,39.829288482666016
2021-03-02,39.23758316040039
2021-03-03,38.305641174316406
2021-03-04,37.077842712402344
2021-03-05,36.96690368652344
2021-03-08,36.30199432373047
2021-03-09,37.60818099975586
2021-03-10,37.636287689208984
2021-03-11,38.80563735961914
2021-03-12,38.6680793762207
2021-03-15,39.02309036254883
2021-03-16,38.579315185546875
2021-03-17,38.50460433959961
2021-03-18,37.57859420776367
2021-03-19,37.79011917114258
2021-03-22,37.82489013671875
2021-03-23,37.11112976074219
2021-03-24,36.20878982543945
2021-03-25,36.345726013183594
2021-03-26,36.7232666015625
2021-03-29,36.13106155395508
2021-03-30,36.501182556152344
2021-03-31,37.16740417480469
2021-04-01,37.678165435791016
2021-04-05,37.878028869628906
2021-04-06,38.23333740234375
2021-04-07,37.92985153198242
2021-04-08,38.27330017089844
2021-04-09,38.25552749633789
2021-04-12,38.19633483886719
2021-04-13,38.49612808227539
2021-04-14,38.37029266357422
2021-04-15,38.49241256713867
2021-04-16,38.38137435913086
2021-04-19,37.92242431640625
2021-04-20,37.46052551269531
2021-04-21,37.996883392333984
2021-04-22,37.975406646728516
2021-04-23,38.605838775634766
2021-04-26,38.96737289428711
2021-04-27,38.982200622558594
2021-04-28,38.856258392333984
2021-04-29,38.55250930786133
2021-04-30,38.20431137084961
2021-05-03,37.85612106323242
2021-05-04,37.381996154785156
2021-05-05,37.19680404663086
2021-05-06,36.86342239379883
2021-05-07,37.263465881347656
2021-05-10,36.463382720947266
2021-05-11,36.626365661621094
2021-05-12,35.52254867553711
2021-05-13,35.40029525756836
2021-05-14,36.137413024902344
2021-05-17,36.1492805480957
2021-05-18,36.0337028503418
2021-05-19,35.94924545288086
2021-05-20,36.3248405456543
2021-05-21,36.393802642822266
2021-05-24,36.6859245300293
2021-05-25,36.763763427734375
2021-05-26,37.09297180175781
2021-05-27,37.287967681884766
2021-05-28,37.308712005615234
2021-06-01,37.45701599121094
2021-06-02,37.48666763305664
2021-06-03,37.37546157836914
2021-06-04,37.271644592285156
2021-06-07,37.47183609008789
2021-06-08,37.653472900390625
2021-06-09,37.65718460083008
2021-06-10,37.70909118652344
2021-06-11,37.938941955566406
2021-06-14,37.76100540161133
2021-06-15,37.53114700317383
2021-06-16,37.55338668823242
2021-06-17,37.53114700317383
2021-06-18,37.27906799316406
2021-06-21,37.864784240722656
2021-06-22,37.916690826416016
2021-06-23,38.22069549560547
2021-06-24,38.472957611083984
2021-06-25,38.53973388671875
2021-06-28,38.472957611083984
2021-06-29,38.428436279296875
2021-06-30,38.28746795654297
2021-07-01,38.23551940917969
2021-07-02,38.44327163696289
2021-07-06,38.33198547363281
2021-07-07,38.20956039428711
2021-07-08,37.857078552246094
2021-07-09,38.257774353027344
2021-07-12,38.116798400878906
2021-07-13,37.7606201171875
2021-07-14,37.456417083740234
2021-07-15,37.05571365356445
2021-07-16,36.729251861572266
2021-07-19,36.49180603027344
2021-07-20,37.18186950683594
2021-07-21,37.71653747558594
2021-07-22,37.68684768676758
2021-07-23,37.88733673095703
2021-07-26,37.56060028076172
2021-07-27,37.768524169921875
2021-07-28,38.03585433959961
2021-07-29,37.73880386352539
2021-07-30,37.78337097167969
2021-08-02,37.94672775268555
2021-08-03,37.939334869384766
2021-08-04,37.909603118896484
2021-08-05,38.176937103271484
2021-08-06,38.028438568115234
2021-08-09,38.028438568115234
2021-08-10,37.93189239501953
2021-08-11,37.93189239501953
2021-08-12,37.99872970581055
2021-08-13,37.77593994140625
2021-08-16,37.44178771972656
2021-08-17,37.129886627197266
2021-08-18,36.97393798828125
2021-08-19,36.676902770996094
2021-08-20,36.96650314331055
2021-08-23,37.426918029785156
2021-08-24,37.91743469238281
2021-08-25,38.080928802490234
2021-08-26,37.79853057861328
2021-08-27,38.348480224609375
2021-08-30,38.645748138427734
2021-08-31,38.578857421875
2021-09-01,38.73493957519531
2021-09-02,38.83898162841797
2021-09-03,38.81669616699219
2021-09-07,38.608604431152344
2021-09-08,38.37820816040039
2021-09-09,38.45994186401367
2021-09-10,38.15526580810547
2021-09-13,38.19984817504883
2021-09-14,38.05862808227539
2021-09-15,38.3261833190918
2021-09-16,38.47483825683594
2021-09-17,38.37077713012695
2021-09-20,37.93229675292969
2021-09-21,37.93229675292969
2021-09-22,38.30387496948242
2021-09-23,38.58686065673828
2021-09-24,38.82511901855469
2021-09-27,38.87725830078125
2021-09-28,38.058162689208984
2021-09-29,37.73052978515625
2021-09-30,37.81242370605469
2021-10-01,38.11772537231445
2021-10-04,37.410343170166016
2021-10-05,37.59648895263672
2021-10-06,37.745399475097656
2021-10-07,38.028377532958984
2021-10-08,37.83478927612305
2021-10-11,37.75285339355469
2021-10-12,37.83478927612305
2021-10-13,37.998592376708984
2021-10-14,38.43047332763672
2021-10-15,38.490055084228516
2021-10-18,38.60173416137695
2021-10-19,38.65385055541992
2021-10-20,38.81023406982422
2021-10-21,39.19108581542969
2021-10-22,38.66835021972656
2021-10-25,38.907325744628906
2021-10-26,38.78783416748047
2021-10-27,38.3173713684082
2021-10-28,39.019325256347656
2021-10-29,38.89238357543945
2021-11-01,39.25830078125
2021-11-02,39.28070831298828
2021-11-03,39.54954528808594
2021-11-04,39.6466178894043
2021-11-05,39.96775817871094
2021-11-08,40.24405288696289
2021-11-09,40.04242706298828
2021-11-10,39.33298873901367
2021-11-11,39.63917922973633
2021-11-12,39.61674880981445
2021-11-15,39.57941818237305
2021-11-16,39.766117095947266
2021-11-17,39.571956634521484
2021-11-18,39.392730712890625
2021-11-19,39.10149002075195
2021-11-22,38.645938873291016
2021-11-23,38.376319885253906
2021-11-24,38.728336334228516
2021-11-26,38.121681213378906
2021-11-29,38.12916564941406
2021-11-30,37.62738037109375
2021-12-01,36.661224365234375
2021-12-02,36.99824523925781
2021-12-03,36.481475830078125
2021-12-06,36.533905029296875
2021-12-07,37.52999496459961
2021-12-08,37.765926361083984
2021-12-09,37.3757209777832
2021-12-10,37.33153533935547
2021-12-13,36.908363342285156
2021-12-14,36.488224029541016
2021-12-15,36.90238571166992
2021-12-16,36.451534271240234
2021-12-17,36.51142883300781
2021-12-20,36.234317779541016
2021-12-21,37.12557601928711
2021-12-22,37.396697998046875
2021-12-23,37.63691711425781
2021-12-27,37.96451950073242
2021-12-28,37.64603042602539
2021-12-29,37.78253936767578
2021-12-30,37.79163360595703
2021-12-31,37.68699264526367
2022-01-03,37.727928161621094
2022-01-04,37.427650451660156
2022-01-05,36.508548736572266
2022-01-06,36.54494857788086
2022-01-07,36.271949768066406
2022-01-10,36.25375747680664
2022-01-11,36.55404281616211
2022-01-12,36.61774444580078
2022-01-13,36.03534698486328
2022-01-14,35.944358825683594
2022-01-18,35.4193000793457
2022-01-19,35.15269088745117
2022-01-20,34.906982421875
2022-01-21,34.240081787109375
2022-01-24,34.320472717285156
2022-01-25,33.86552047729492
2022-01-26,33.96602249145508
2022-01-27,33.42245101928711
2022-01-28,33.655399322509766
2022-01-31,34.73340606689453
2022-02-01,34.998348236083984
2022-02-02,34.642032623291016
2022-02-03,34.03910446166992
2022-02-04,34.4501953125
2022-02-07,34.59636688232422
2022-02-08,34.90696716308594
2022-02-09,35.55560302734375
2022-02-10,35.24593734741211
2022-02-11,34.86130142211914
2022-02-14,34.65119171142578
2022-02-15,35.391170501708984
2022-02-16,35.327205657958984
2022-02-17,34.44106674194336
2022-02-18,34.230098724365234
2022-02-22,33.92743682861328
2022-02-23,33.53303527832031
2022-02-24,34.147560119628906
2022-02-25,34.817108154296875
2022-02-28,34.789608001708984
2022-03-01,34.24845886230469
2022-03-02,34.83545684814453
2022-03-03,34.27595901489258
2022-03-04,34.009979248046875
2022-03-07,33.014793395996094
2022-03-08,33.001060485839844
2022-03-09,33.725624084472656
2022-03-10,33.67061233520508
2022-03-11,33.459651947021484
2022-03-14,32.74424743652344
2022-03-15,33.202850341796875
2022-03-16,33.743988037109375
2022-03-17,34.184242248535156
2022-03-18,34.789608001708984
2022-03-21,34.679534912109375
2022-03-22,35.16566467285156
2022-03-23,34.7620849609375
2022-03-24,35.202354431152344
2022-03-25,35.11025619506836
2022-03-28,35.36810302734375
2022-03-29,35.81007385253906
2022-03-30,35.800865173339844
2022-03-31,35.68116760253906
2022-04-01,35.598270416259766
2022-04-04,35.92979049682617
2022-04-05,35.312843322753906
2022-04-06,34.935302734375
2022-04-07,34.990562438964844
2022-04-08,34.75115203857422
2022-04-11,34.54764938354492
2022-04-12,34.55225372314453
2022-04-13,34.99977111816406
2022-04-14,34.77600860595703
2022-04-18,34.539363861083984
2022-04-19,34.947288513183594
2022-04-20,34.741939544677734
2022-04-21,34.2242317199707
2022-04-22,33.61408233642578
2022-04-25,33.845184326171875
2022-04-26,33.05014419555664
2022-04-27,32.89299011230469
2022-04-28,33.27201843261719
2022-04-29,32.782047271728516
2022-05-02,32.85601806640625
2022-05-03,32.73582077026367
2022-05-04,33.14259719848633
2022-05-05,32.31056213378906
2022-05-06,31.81135368347168
2022-05-09,30.48933982849121
2022-05-10,30.535552978515625
2022-05-11,30.101057052612305
2022-05-12,30.147279739379883
2022-05-13,30.7944278717041
2022-05-16,30.73895263671875
2022-05-17,31.127216339111328
2022-05-18,30.664989471435547
2022-05-19,30.720443725585938
2022-05-20,30.77961540222168
2022-05-23,31.247407913208008
2022-05-24,30.615966796875
2022-05-25,30.699541091918945
2022-05-26,31.21955108642578
2022-05-27,31.76742935180664
2022-05-31,31.646717071533203
2022-06-01,31.433128356933594
2022-06-02,31.98101043701172
2022-06-03,31.72100257873535
2022-06-06,31.748844146728516
2022-06-07,32.0367317199707
2022-06-08,31.69314956665039
2022-06-09,31.303129196166992
2022-06-10,30.885250091552734
2022-06-13,29.715225219726562
2022-06-14,29.650226593017578
2022-06-15,29.78950309753418
2022-06-16,29.05591583251953
2022-06-17,29.00948715209961
2022-06-21,29.399505615234375
2022-06-22,29.38092613220215
2022-06-23,29.436641693115234
2022-06-24,30.02350425720215
2022-06-27,30.00487518310547
2022-06-28,29.753360748291016
2022-06-29,29.697467803955078
2022-06-30,29.4366397857666
2022-07-01,29.650896072387695
2022-07-05,29.68815803527832
2022-07-06,29.613636016845703
2022-07-07,29.902414321899414
2022-07-08,30.000228881835938
2022-07-11,29.702131271362305
2022-07-12,29.52047348022461
2022-07-13,29.492528915405273
2022-07-14,29.418012619018555
2022-07-15,29.59500503540039
2022-07-18,29.622947692871094
2022-07-19,30.04213523864746
2022-07-20,30.30296516418457
2022-07-21,30.424449920654297
2022-07-22,30.274940490722656
2022-07-25,30.28428840637207
2022-07-26,30.069374084472656
2022-07-27,30.60198974609375
2022-07-28,30.75149154663086
2022-07-29,30.994422912597656
2022-08-01,31.022470474243164
2022-08-02,31.09722328186035
2022-08-03,31.36819076538086
2022-08-04,31.442956924438477
2022-08-05,31.573776245117188
2022-08-08,31.69524383544922
2022-08-09,31.396236419677734
2022-08-10,31.994232177734375
2022-08-11,32.0129280090332
2022-08-12,32.33064270019531
2022-08-15,32.545570373535156
2022-08-16,32.49883270263672
2022-08-17,32.18112564086914
2022-08-18,32.246543884277344
2022-08-19,31.90082550048828
2022-08-22,31.489675521850586
2022-08-23,31.66277503967285
2022-08-24,31.79376792907715
2022-08-25,32.22416687011719
2022-08-26,31.597288131713867
2022-08-29,31.503707885742188
2022-08-30,31.279151916503906
2022-08-31,31.185585021972656
2022-09-01,30.904884338378906
2022-09-02,30.84874153137207
2022-09-06,30.773895263671875
2022-09-07,31.09202003479004
2022-09-08,31.279151916503906
2022-09-09,31.718923568725586
2022-09-12,31.9154109954834
2022-09-13,31.325927734375
2022-09-14,31.46441650390625
2022-09-15,31.302549362182617
2022-09-16,30.970378875732422
2022-09-19,31.017160415649414
2022-09-20,30.773895263671875
2022-09-21,30.474483489990234
2022-09-22,29.987937927246094
2022-09-23,29.477291107177734
2022-09-26,29.308635711669922
2022-09-27,29.299264907836914
2022-09-28,29.55130958557129
2022-09-29,29.25241470336914
2022-09-30,29.186819076538086
2022-10-03,29.542875289916992
2022-10-04,30.048843383789062
2022-10-05,30.123804092407227
2022-10-06,30.03010368347168
2022-10-07,29.674049377441406
2022-10-10,29.355480194091797
2022-10-11,29.111867904663086
2022-10-12,29.055648803710938
2022-10-13,29.139968872070312
2022-10-14,28.774553298950195
2022-10-17,29.177457809448242
2022-10-18,29.421064376831055
2022-10-19,29.24304962158203
2022-10-20,29.196199417114258
2022-10-21,29.313486099243164
2022-10-24,29.454235076904297
2022-10-25,29.782649993896484
2022-10-26,29.745121002197266
2022-10-27,29.773263931274414
2022-10-28,29.98908805847168
2022-10-31,30.07353401184082
2022-11-01,30.026613235473633
2022-11-02,29.557443618774414
2022-11-03,29.548067092895508
2022-11-04,29.548067092895508
2022-11-07,29.641897201538086
2022-11-08,29.716970443725586
2022-11-09,29.3885498046875
2022-11-10,30.270586013793945
2022-11-11,30.39257049560547
2022-11-14,30.354097366333008
2022-11-15,30.514558792114258
2022-11-16,30.448871612548828
2022-11-17,30.251811981201172
2022-11-18,30.186140060424805
2022-11-21,30.16737937927246
2022-11-22,30.45395851135254
2022-11-23,30.510337829589844
2022-11-25,30.48214340209961
2022-11-28,30.289518356323242
2022-11-29,30.32240867614746
2022-11-30,30.773447036743164
2022-12-01,31.00835418701172
2022-12-02,30.97076416015625
2022-12-05,30.67008399963379
2022-12-06,30.37409019470215
2022-12-07,30.284822463989258
2022-12-08,30.47275161743164
2022-12-09,30.29421615600586
2022-12-12,30.67008399963379
2022-12-13,30.679475784301758
2022-12-14,30.745250701904297
2022-12-15,30.364171981811523
2022-12-16,30.14776039123535
2022-12-19,30.006614685058594
2022-12-20,30.03484535217285
2022-12-21,30.110116958618164
2022-12-22,29.997201919555664
2022-12-23,30.016021728515625
2022-12-27,29.912511825561523
2022-12-28,29.550251007080078
2022-12-29,29.95015525817871
2022-12-30,29.818431854248047
2023-01-03,29.69609832763672
2023-01-04,29.827836990356445
2023-01-05,29.686691284179688
2023-01-06,29.921926498413086
2023-01-09,29.940744400024414
2023-01-10,30.08188247680664
2023-01-11,30.13834571838379
2023-01-12,30.39240264892578
2023-01-13,30.48649024963379
2023-01-17,30.62762451171875
2023-01-18,30.4488582611084
2023-01-19,30.204206466674805
2023-01-20,30.542943954467773
2023-01-23,30.684093475341797
2023-01-24,30.797136306762695
2023-01-25,30.598360061645508
2023-01-26,30.825401306152344
2023-01-27,30.81127166748047
2023-01-30,30.618141174316406
2023-01-31,30.834823608398438
2023-02-01,31.089189529418945
2023-02-02,31.343564987182617
2023-02-03,30.994983673095703
2023-02-06,30.872516632080078
2023-02-07,31.126863479614258
2023-02-08,31.01382064819336
2023-02-09,30.891345977783203
2023-02-10,30.758522033691406
2023-02-13,30.976137161254883
2023-02-14,31.018535614013672
2023-02-15,31.042089462280273
2023-02-16,30.872516632080078
2023-02-17,30.627567291259766
2023-02-21,30.25543785095215
2023-02-22,30.33561134338379
2023-02-23,30.34504508972168
2023-02-24,30.1846923828125
2023-02-27,30.26958465576172
2023-02-28,30.241283416748047
2023-03-01,30.1846923828125
2023-03-02,30.33561134338379
2023-03-03,30.712921142578125
2023-03-06,30.54313850402832
2023-03-07,30.40164566040039
2023-03-08,30.29411506652832
2023-03-09,29.958301544189453
2023-03-10,29.420639038085938
2023-03-13,29.37347412109375
2023-03-14,29.571563720703125
2023-03-15,29.326311111450195
2023-03-16,29.43950080871582
2023-03-17,29.222553253173828
2023-03-20,29.307449340820312
2023-03-21,29.60929298400879
2023-03-22,29.448936462402344
2023-03-23,29.420639038085938
2023-03-24,29.326189041137695
2023-03-27,29.363971710205078
2023-03-28,29.477306365966797
2023-03-29,29.666200637817383
2023-03-30,29.86454963684082
2023-03-31,30.13844871520996
2023-04-03,30.110105514526367
2023-04-04,29.90232276916504
2023-04-05,29.82676887512207
2023-04-06,29.90232276916504
2023-04-10,29.98732566833496
2023-04-11,30.015663146972656
2023-04-12,30.015663146972656
2023-04-13,30.09122657775879
2023-04-14,30.157337188720703
2023-04-17,30.22344970703125
2023-04-18,30.176231384277344
2023-04-19,30.13844871520996
2023-04-20,30.110105514526367
2023-04-21,30.124298095703125
2023-04-24,30.006086349487305
2023-04-25,29.656192779541016
2023-04-26,29.504880905151367
2023-04-27,29.533254623413086
2023-04-28,29.599454879760742
2023-05-01,29.618356704711914
2023-05-02,29.391399383544922
2023-05-03,29.32520866394043
2023-05-04,29.29684066772461
2023-05-05,29.504880905151367
2023-05-08,29.656192779541016
2023-05-09,29.599454879760742
2023-05-10,29.746028900146484
2023-05-11,29.694019317626953
2023-05-12,29.627822875976562
2023-05-15,29.798036575317383
2023-05-16,29.646738052368164
2023-05-17,29.70347023010254
2023-05-18,29.73184585571289
2023-05-19,29.618356704711914
2023-05-22,29.793312072753906
2023-05-23,29.599197387695312
2023-05-24,29.551860809326172
2023-05-25,29.53291893005371
2023-05-26,29.561323165893555
2023-05-30,29.570804595947266
2023-05-31,29.495044708251953
2023-06-01,29.712827682495117
2023-06-02,30.0537052154541
2023-06-05,30.091575622558594
2023-06-06,30.243078231811523
2023-06-07,30.26201629638672
2023-06-08,30.356700897216797
2023-06-09,30.252544403076172
2023-06-12,30.4229793548584
2023-06-13,30.565013885498047
2023-06-14,30.640756607055664
2023-06-15,30.707048416137695
2023-06-16,30.744915008544922
2023-06-20,30.555540084838867
2023-06-21,30.536602020263672
2023-06-22,30.57447624206543
2023-06-23,30.375635147094727
2023-06-26,30.498729705810547
2023-06-27,30.47977638244629
2023-06-28,30.678857803344727
2023-06-29,30.735729217529297
2023-06-30,30.96327781677246
2023-07-03,30.97275161743164
2023-07-05,31.077041625976562
2023-07-06,30.631467819213867
2023-07-07,30.858978271484375
2023-07-10,31.058067321777344
2023-07-11,31.247692108154297
2023-07-12,31.247692108154297
2023-07-13,31.465755462646484
2023-07-14,31.37567901611328
2023-07-17,31.45625877380371
2023-07-18,31.45625877380371
2023-07-19,31.641132354736328
2023-07-20,31.370941162109375
2023-07-21,31.35194969177246
2023-07-24,31.370941162109375
2023-07-25,31.380430221557617
2023-07-26,31.31398582458496
2023-07-27,31.361440658569336
2023-07-28,31.59874153137207
2023-07-31,31.684175491333008
2023-08-01,31.65569305419922
2023-08-02,31.000749588012695
2023-08-03,30.93430519104004
2023-08-04,30.90582847595215
2023-08-07,30.91533088684082
2023-08-08,30.75395393371582
2023-08-09,30.625816345214844
2023-08-10,30.6495418548584
2023-08-11,30.554628372192383
2023-08-14,30.687515258789062
2023-08-15,30.383771896362305
2023-08-16,30.260372161865234
2023-08-17,29.928159713745117
2023-08-18,29.899682998657227
2023-08-21,29.975618362426758
2023-08-22,29.97087287902832
2023-08-23,30.094417572021484
2023-08-24,29.909086227416992
2023-08-25,30.042144775390625
2023-08-28,30.070661544799805
2023-08-29,30.37479019165039
2023-08-30,30.53160285949707
2023-08-31,30.55536460876465
2023-09-01,30.688413619995117
2023-09-05,30.669403076171875
2023-09-06,30.564863204956055
2023-09-07,30.38428497314453
2023-09-08,30.379539489746094
2023-09-11,30.441316604614258
2023-09-12,30.412799835205078
2023-09-13,30.332021713256836
2023-09-14,30.279741287231445
2023-09-15,30.251235961914062
2023-09-18,30.14668846130371
2023-09-19,30.013633728027344
2023-09-20,29.937599182128906
2023-09-21,29.62397003173828
2023-09-22,29.490741729736328
2023-09-25,29.60493278503418
2023-09-26,29.357513427734375
2023-09-27,29.481224060058594
2023-09-28,29.65251922607422
2023-09-29,29.566869735717773
2023-10-02,29.45267677307129
2023-10-03,29.033960342407227
2023-10-04,29.00065803527832
2023-10-05,28.995899200439453
2023-10-06,29.138643264770508
2023-10-09,29.152921676635742
2023-10-10,29.376544952392578
2023-10-11,29.41461181640625
2023-10-12,29.20525360107422
2023-10-13,29.033960342407227
2023-10-16,29.024450302124023
2023-10-17,29.319448471069336
2023-10-18,29.053001403808594
2023-10-19,28.79605484008789
2023-10-20,28.605737686157227
2023-10-23,28.51057243347168
2023-10-24,28.682092666625977
2023-10-25,28.424814224243164
2023-10-26,28.291399002075195
2023-10-27,27.996009826660156
2023-10-30,28.081771850585938
2023-10-31,28.062711715698242
2023-11-01,28.30093002319336
2023-11-02,28.48198699951172
2023-11-03,29.006078720092773
2023-11-06,28.7202091217041
2023-11-07,28.872671127319336
2023-11-08,28.74879264831543
2023-11-09,28.48198699951172
2023-11-10,28.805967330932617
2023-11-13,28.74879264831543
2023-11-14,29.206180572509766
2023-11-15,29.44440269470215
2023-11-16,29.26335906982422
2023-11-17,29.37770652770996
2023-11-20,29.592103958129883
2023-11-21,29.434680938720703
2023-11-22,29.515775680541992
2023-11-24,29.759077072143555
2023-11-27,29.692293167114258
2023-11-28,29.854488372802734
2023-11-29,30.054853439331055
2023-11-30,30.093021392822266
2023-12-01,30.484210968017578
2023-12-04,30.42696189880371
2023-12-05,30.33154296875
2023-12-06,30.197978973388672
2023-12-07,30.388797760009766
2023-12-08,30.465129852294922
2023-12-11,30.522377014160156
2023-12-12,30.646413803100586
2023-12-13,30.91356658935547
2023-12-14,31.41925048828125
2023-12-15,31.47650718688965
2023-12-18,31.457426071166992
2023-12-19,31.867700576782227
2023-12-20,31.571916580200195
2023-12-21,31.81997299194336
2023-12-22,31.97044563293457
2023-12-26,31.86501693725586
2023-12-27,32.027931213378906
2023-12-28,32.075862884521484
2023-12-29,31.94169807434082
2024-01-02,31.60626983642578
2024-01-03,31.10793113708496
2024-01-04,31.213350296020508
2024-01-05,31.050426483154297
2024-01-08,31.28042984008789
2024-01-09,31.318771362304688
2024-01-10,31.290016174316406
2024-01-11,31.270841598510742
2024-01-12,31.290016174316406
2024-01-16,31.10793113708496
2024-01-17,31.088764190673828
2024-01-18,31.088764190673828
2024-01-19,31.184606552124023
2024-01-22,31.520015716552734
2024-01-23,31.462453842163086
2024-01-24,31.299333572387695
2024-01-25,31.376094818115234
2024-01-26,31.395292282104492
2024-01-29,31.615976333618164
2024-01-30,31.654340744018555
2024-01-31,31.395292282104492
2024-02-01,31.49124526977539
2024-02-02,31.60637092590332
2024-02-05,31.510419845581055
2024-02-06,31.539207458496094
2024-02-07,31.625574111938477
2024-02-08,31.807876586914062
2024-02-09,32.153289794921875
2024-02-12,32.22046661376953
2024-02-13,31.75990104675293
2024-02-14,31.99017333984375
2024-02-15,32.12451171875
2024-02-16,32.066932678222656
2024-02-20,31.75990104675293
2024-02-21,31.40444564819336
2024-02-22,31.596588134765625
2024-02-23,31.558155059814453
2024-02-26,31.615798950195312
2024-02-27,31.865568161010742
2024-02-28,31.90399932861328
2024-02-29,31.90399932861328
2024-03-01,32.18259048461914
2024-03-04,32.470794677734375
2024-03-05,32.057708740234375
2024-03-06,32.12495040893555
2024-03-07,32.31708908081055
2024-03-08,32.24985122680664
2024-03-11,32.33629608154297
2024-03-12,32.24985122680664
2024-03-13,32.480403900146484
2024-03-14,32.278656005859375
2024-03-15,32.13456344604492
2024-03-18,32.057708740234375
2024-03-19,32.03849792480469
2024-03-20,32.23063278198242
2024-03-21,32.596126556396484
2024-03-22,32.605743408203125
2024-03-25,32.72116470336914
2024-03-26,32.528785705566406
2024-03-27,32.884681701660156
2024-03-28,32.788490295410156
2024-04-01,32.62497329711914
2024-04-02,32.403751373291016
2024-04-03,32.46146011352539
2024-04-04,32.43262481689453
2024-04-05,32.45185470581055
2024-04-08,32.49993896484375
2024-04-09,32.605743408203125
2024-04-10,32.46146011352539
2024-04-11,32.37489700317383
2024-04-12,32.01903533935547
2024-04-15,31.70163345336914
2024-04-16,31.48041343688965
2024-04-17,31.441930770874023
2024-04-18,31.336135864257812
2024-04-19,31.259197235107422
2024-04-22,31.42270278930664
2024-04-23,31.78864288330078
2024-04-24,31.875314712524414
2024-04-25,31.82715606689453
2024-04-26,31.952354431152344
2024-04-29,32.08717346191406
2024-04-30,31.759740829467773
2024-05-01,31.605674743652344
2024-05-02,31.836788177490234
2024-05-03,32.07754898071289
2024-05-06,32.462738037109375
2024-05-07,32.36451721191406
2024-05-08,32.11606216430664
2024-05-09,32.221988677978516
2024-05-10,32.212364196777344
2024-05-13,32.13531494140625
2024-05-14,32.2797737121582
2024-05-15,32.75162887573242
2024-05-16,32.722747802734375
2024-05-17,32.71311569213867
2024-05-20,32.80941390991211
2024-05-21,32.81905746459961
2024-05-22,32.77085494995117
2024-05-23,32.48161315917969
2024-05-24,32.66480255126953
2024-05-28,32.78050231933594
2024-05-29,32.63587951660156
2024-05-30,32.558746337890625
2024-05-31,32.45268630981445
2024-06-03,32.44306564331055
2024-06-04,32.385215759277344
2024-06-05,32.587677001953125
2024-06-06,32.48161315917969
2024-06-07,32.385215759277344
2024-06-10,32.48161315917969
2024-06-11,32.53945541381836
2024-06-12,32.76121520996094
2024-06-13,32.52982711791992
2024-06-14,32.39772033691406
2024-06-17,32.558746337890625
2024-06-18,32.44306564331055
2024-06-20,32.423770904541016
2024-06-21,32.46232986450195
2024-06-24,32.47196578979492
2024-06-25,32.6262321472168
2024-06-26,32.616600036621094
2024-06-27,32.67451095581055
2024-06-28,32.70346450805664
2024-07-01,32.68416213989258
2024-07-02,32.62625503540039
2024-07-03,32.655216217041016
2024-07-05,32.828941345214844
2024-07-08,32.857906341552734
2024-07-09,32.73242950439453
2024-07-10,32.90617370605469
2024-07-11,33.26332092285156
2024-07-12,33.44672393798828
2024-07-15,33.610816955566406
2024-07-16,33.80387496948242
2024-07-17,33.398475646972656
2024-07-18,32.993045806884766
2024-07-19,32.97374725341797
2024-07-22,33.398475646972656
2024-07-23,33.53376007080078
2024-07-24,33.089229583740234
2024-07-25,32.88628005981445
2024-07-26,32.9152717590332
2024-07-29,32.895938873291016
2024-07-30,32.77030944824219
2024-07-31,32.905601501464844
2024-08-01,32.76065444946289
2024-08-02,32.20014190673828
2024-08-05,31.56233024597168
2024-08-06,32.08418655395508
2024-08-07,31.997201919555664
2024-08-08,32.10349655151367
2024-08-09,32.50939178466797
2024-08-12,32.5190544128418
2024-08-13,32.895938873291016
2024-08-14,32.91044616699219
2024-08-15,33.1472053527832
2024-08-16,33.38880920410156
2024-08-19,33.42745590209961
2024-08-20,33.41779708862305
2024-08-21,33.45165252685547
2024-08-22,33.54357147216797
2024-08-23,33.843505859375
2024-08-26,33.67902755737305
2024-08-27,33.61130142211914
2024-08-28,33.52421951293945
2024-08-29,33.790279388427734
2024-08-30,33.7661018371582
2024-09-03,33.23396682739258
2024-09-04,33.25331115722656
2024-09-05,33.25331115722656
2024-09-06,33.05980682373047
2024-09-09,33.00175857543945
2024-09-10,33.17591857910156
2024-09-11,33.22429275512695
2024-09-12,33.553245544433594
2024-09-13,33.69837188720703
2024-09-16,33.800933837890625
2024-09-17,33.88219451904297
2024-09-18,33.97895812988281
2024-09-19,34.18212890625
2024-09-20,34.24984359741211
2024-09-23,34.33692932128906
2024-09-24,34.365966796875
2024-09-25,34.32725143432617
2024-09-26,34.45316696166992
2024-09-27,34.3563117980957
2024-09-30,34.579097747802734
2024-10-01,34.34661865234375
2024-10-02,34.48221969604492
2024-10-03,34.32725524902344
2024-10-04,34.54034423828125
2024-10-07,34.49192810058594
2024-10-08,34.43379592895508
2024-10-09,34.54034423828125
2024-10-10,34.55003356933594
2024-10-11,34.9471549987793
2024-10-14,35.03432846069336
2024-10-15,34.99559020996094
2024-10-16,35.04401397705078
2024-10-17,35.014957427978516
2024-10-18,35.131195068359375
2024-10-21,34.93747329711914
2024-10-22,34.98594665527344
2024-10-23,34.88898849487305
2024-10-24,34.8792839050293
2024-10-25,34.8792839050293
2024-10-28,35.17988586425781
2024-10-29,35.07322692871094
2024-10-30,35.257469177246094
2024-10-31,34.607784271240234
2024-11-01,34.61748504638672
2024-11-04,34.8792839050293
2024-11-05,35.12171173095703
2024-11-06,35.55805587768555
2024-11-07,35.81987380981445
2024-11-08,36.00412368774414
2024-11-11,36.43562316894531
2024-11-12,36.30472183227539
2024-11-13,36.21744918823242
2024-11-14,35.80048751831055
2024-11-15,35.52897262573242
2024-11-18,35.897457122802734
2024-11-19,36.314414978027344
2024-11-20,36.59562683105469
2024-11-21,36.809173583984375
2024-11-22,36.993614196777344
2024-11-25,37.29452896118164
2024-11-26,37.304229736328125
2024-11-27,37.21687316894531
2024-11-29,37.430423736572266
2024-12-02,37.35276794433594
2024-12-03,37.275123596191406
2024-12-04,37.430423736572266
2024-12-05,37.44984436035156
2024-12-06,37.38188934326172
2024-12-09,37.21687316894531
2024-12-10,36.89654541015625
2024-12-11,37.178043365478516
2024-12-12,37.06156539916992
2024-12-13,37.04212188720703
2024-12-16,37.24618148803711
2024-12-17,37.02269744873047
2024-12-18,36.00238037109375
2024-12-19,35.574825286865234
2024-12-20,36.187007904052734
2024-12-23,35.808040618896484
2024-12-24,36.09955596923828
2024-12-26,36.21616744995117
2024-12-27,35.837188720703125
2024-12-30,35.79832458496094
2024-12-31,35.7497444152832
2025-01-02,35.56510543823242
2025-01-03,36.11897659301758
2025-01-06,36.25503921508789
2025-01-07,36.050968170166016
2025-01-08,35.788604736328125
2025-01-10,35.4290657043457
2025-01-13,35.50679397583008
2025-01-14,35.535953521728516
2025-01-15,36.04125213623047
2025-01-16,36.332763671875
2025-01-17,36.439666748046875
2025-01-21,37.01297378540039
2025-01-22,36.90098571777344
2025-01-23,37.12497329711914
2025-01-24,36.823062896728516
2025-01-27,36.42376708984375
2025-01-28,36.725669860839844
2025-01-29,36.69645690917969
2025-01-30,37.027584075927734
2025-01-31,36.78411102294922
2025-02-03,36.60880661010742
2025-02-04,36.78411102294922
2025-02-05,36.94966506958008
2025-02-06,36.969146728515625
2025-02-07,36.90779113769531
2025-02-10,36.94966506958008
2025-02-11,36.79384231567383
2025-02-12,36.76464080810547
2025-02-13,37.105491638183594
2025-02-14,37.11522674560547
2025-02-18,37.35871124267578
2025-02-19,37.05679702758789
2025-02-20,36.803592681884766
2025-02-21,36.27161407470703
2025-02-24,35.7738151550293
2025-02-25,35.66643524169922
2025-02-26,35.851898193359375
2025-02-27,35.607872009277344
2025-02-28,35.67619705200195
2025-03-03,35.25647735595703
2025-03-04,35.0710334777832
2025-03-05,35.42241668701172
2025-03-06,34.72938919067383
2025-03-07,34.524410247802734
2025-03-10,33.958274841308594
2025-03-11,34.08517074584961
2025-03-12,34.21206283569336
2025-03-13,34.00708770751953
2025-03-14,34.32918930053711
2025-03-17,34.83675765991211
2025-03-18,34.475608825683594
2025-03-19,34.91484832763672
2025-03-20,34.89532470703125
2025-03-21,34.778194427490234
2025-03-24,35.41265106201172
2025-03-25,35.39312744140625
2025-03-26,34.88555908203125
2025-03-27,34.76228332519531
2025-03-28,34.244693756103516
2025-03-31,34.15665054321289
2025-04-01,34.303401947021484
2025-04-02,34.577369689941406
2025-04-03,33.403263092041016
2025-04-04,32.170448303222656
2025-04-07,31.808427810668945
2025-04-08,31.906272888183594
2025-04-09,33.031455993652344
2025-04-10,32.81620788574219
2025-04-11,32.77707290649414
2025-04-14,33.19779968261719
2025-04-15,33.14886474609375
2025-04-16,32.8553466796875
2025-04-17,33.09016418457031
2025-04-21,32.57160568237305
2025-04-22,33.194488525390625
2025-04-23,33.70457458496094
2025-04-24,34.02336502075195
2025-04-25,34.293121337890625
2025-04-28,34.450069427490234
2025-04-29,34.58249282836914
2025-04-30,34.616825103759766
2025-05-01,34.75415802001953
2025-05-02,35.068058013916016
2025-05-05,35.048431396484375
2025-05-06,34.89148712158203
2025-05-07,35.00919723510742
2025-05-08,35.20537567138672
2025-05-09,35.293663024902344
2025-05-12,35.813560485839844
2025-05-13,36.35307312011719
2025-05-14,36.37268829345703
2025-05-15,36.274593353271484
2025-05-16,36.51982116699219
2025-05-19,36.51982116699219
2025-05-20,36.51982116699219
2025-05-21,36.06252670288086
2025-05-22,35.85600662231445
2025-05-23,36.1116943359375
2025-05-27,36.35755920410156
2025-05-28,36.2493782043457
2025-05-29,36.229713439941406
2025-05-30,36.23954391479492
2025-06-02,36.34771728515625
2025-06-03,36.51490783691406
2025-06-04,36.809940338134766
2025-06-05,36.70668029785156
2025-06-06,36.819766998291016
2025-06-09,37.1246452331543
2025-06-10,37.14430236816406
2025-06-11,36.97711944580078
2025-06-12,36.98695373535156
2025-06-13,36.7411003112793
2025-06-16,36.998756408691406
2025-06-17,36.88369369506836
2025-06-18,36.927955627441406
2025-06-20,36.976139068603516
2025-06-23,37.05579376220703
2025-06-24,37.3704948425293
2025-06-25,37.4393310546875
2025-06-26,37.76468276977539
2025-06-27,37.98650360107422
2025-06-30,38.2625617980957
2025-07-01,37.907630920410156
2025-07-02,38.075233459472656
2025-07-03,38.441001892089844
2025-07-07,38.390724182128906
2025-07-08,38.30199432373047
2025-07-09,38.49917221069336
2025-07-10,38.716068267822266
2025-07-11,38.73578643798828
2025-07-14,38.75551223754883
2025-07-15,38.96253967285156
2025-07-16,39.041412353515625
2025-07-17,39.350982666015625
2025-07-18,39.39436340332031
2025-07-21,39.23957824707031
2025-07-22,39.31662368774414
2025-07-23,39.42922592163086
2025-07-24,39.355140686035156
2025-07-25,39.39960479736328
2025-07-28,39.3936653137207
2025-07-29,39.15957260131836
2025-07-30,39.21785354614258
2025-07-31,39.219825744628906
2025-08-01,38.64692306518555
2025-08-04,39.15957260131836
2025-08-05,39.04104232788086
2025-08-06,38.93238830566406
2025-08-07,39.1368522644043
2025-08-08,38.95708465576172
2025-08-11,39.00350570678711
2025-08-12,39.402557373046875
2025-08-13,39.6534538269043
2025-08-14,39.50429916381836
2025-08-15,39.5349235534668
2025-08-18,39.579368591308594
2025-08-19,39.15265655517578
2025-08-20,39.07659912109375
2025-08-21,39.09242248535156
2025-08-22,39.73824691772461
2025-08-25,39.81044006347656
2025-08-26,39.82329559326172
2025-08-27,39.89055252075195
2025-08-28,40.30098342895508
2025-08-29,39.96076583862305
2025-09-02,40.02208709716797
2025-09-03,39.777809143066406
2025-09-04,39.967689514160156
2025-09-05,40.42955780029297
2025-09-08,40.648128509521484
2025-09-09,40.88054656982422
2025-09-10,40.85977554321289
2025-09-11,41.3236198425293
2025-09-12,41.286033630371094
2025-09-15,41.57285690307617
2025-09-16,41.53723907470703
2025-09-17,41.63317108154297
2025-09-18,42.097023010253906
2025-09-19,42.309654235839844
2025-09-22,42.603397369384766
2025-09-23,42.34427261352539
2025-09-24,42.02779769897461
2025-09-25,41.85451126098633
2025-09-26,41.764404296875
2025-09-29,42.2961311340332
2025-09-30,42.34762191772461
2025-10-01,42.7506103515625
2025-10-02,43.032814025878906
2025-10-03,43.31996154785156
2025-10-06,43.55760192871094
2025-10-07,43.10905456542969
2025-10-08,43.527896881103516
2025-10-09,43.45463180541992
2025-10-10,42.67238998413086
2025-10-13,43.578399658203125
2025-10-14,43.613059997558594
2025-10-15,43.984375
2025-10-16,43.607112884521484
2025-10-17,43.29719161987305
2025-10-20,43.72098159790039
2025-10-21,43.502891540527344
2025-10-22,42.774295806884766
2025-10-23,43.1361198425293
2025-10-24,43.67835235595703
2025-10-27,44.0134162902832
2025-10-28,43.84787368774414
2025-10-29,44.19184494018555
2025-10-30,43.73584747314453
2025-10-31,43.9906120300293
2025-11-03,44.22654342651367
2025-11-04,43.18370056152344
2025-11-05,43.773521423339844
2025-11-06,43.171810150146484
2025-11-07,43.347267150878906
2025-11-10,43.983673095703125
2025-11-11,43.60698699951172
2025-11-12,43.38097381591797
2025-11-13,42.29649353027344
2025-11-14,41.92475509643555
2025-11-17,41.84941482543945
2025-11-18,41.720550537109375
2025-11-19,41.86528778076172
2025-11-20,40.936439514160156
2025-11-21,41.109130859375
2025-11-24,42.07978820800781
2025-11-25,42.42022705078125
2025-11-26,42.7963752746582
2025-11-28,43.13382339477539
2025-12-01,42.687198638916016
2025-12-02,42.77156448364258
2025-12-03,42.963111877441406
2025-12-04,43.3829345703125
2025-12-05,43.29262161254883
2025-12-08,43.36904525756836
2025-12-09,43.44447326660156
2025-12-10,43.51692581176758
2025-12-11,43.883155822753906
2025-12-12,43.22446060180664
2025-12-15,42.58365249633789
2025-12-16,42.5309944152832
2025-12-17,41.9597282409668
2025-12-18,42.483306884765625
2025-12-19,43.22048568725586
2025-12-22,43.66557312011719
2025-12-23,43.48575210571289
2025-12-24,43.48575210571289
2025-12-26,43.356597900390625
2025-12-29,43.287052154541016
2025-12-30,43.00390625
2025-12-31,42.75552749633789
2026-01-02,43.50562286376953
2026-01-05,43.982505798339844
2026-01-06,44.80612564086914
2026-01-07,44.56370544433594
2026-01-08,44.16630554199219
2026-01-09,44.45442581176758
2026-01-12,44.94123840332031
2026-01-13,45.154842376708984
2026-01-14,45.0217170715332
2026-01-15,45.33467102050781
2026-01-16,45.4081916809082
2026-01-20,45.18663024902344
2026-01-21,45.42829513549805
2026-01-22,45.79824447631836
2026-01-23,45.74653244018555
2026-01-26,45.531715393066406
2026-01-27,46.118473052978516
2026-01-28,46.770851135253906
2026-01-29,46.36310958862305
2026-01-30,45.409400939941406
2026-02-02,45.73658752441406
2026-02-03,45.91460418701172
2026-02-04,45.07723617553711
2026-02-05,44.247833251953125
2026-02-06,45.5804557800293
2026-02-09,46.09858703613281
2026-02-10,45.78532028198242
2026-02-11,45.8111686706543
2026-02-12,45.46210861206055
2026-02-13,45.7763671875
2026-02-17,45.93449020385742
2026-02-18,46.024986267089844
2026-02-19,45.93349838256836
2026-02-20,45.859832763671875
2026-02-23,45.53232955932617
2026-02-24,46.05295181274414
2026-02-25,46.207244873046875
2026-02-26,45.79910659790039
2026-02-27,45.58110427856445
2026-03-02,45.930511474609375
2026-03-03,45.0196647644043
2026-03-04,45.36111068725586
2026-03-05,44.861385345458984
2026-03-06,43.90574264526367
2026-03-09,44.79369354248047
2026-03-10,44.733970642089844
2026-03-11,44.960933685302734
2026-03-12,44.17352294921875
2026-03-13,44.200401306152344
2026-03-16,44.780757904052734
2026-03-17,45.22572326660156
2026-03-18,45.02463912963867
2026-03-19,45.47658157348633
2026-03-20,44.33976364135742
2026-03-23,44.73297119140625
2026-03-24,45.047542572021484
2026-03-25,45.3730583190918
2026-03-26,44.24009704589844
2026-03-27,43.607357025146484
2026-03-30,42.80720901489258
2026-03-31,44.02088165283203
2026-04-01,44.68550491333008
2026-04-02,45.17576217651367
2026-04-06,45.18074417114258
2026-04-07,45.4527702331543
2026-04-08,46.64352035522461
2026-04-09,47.004234313964844
2026-04-10,46.90757751464844
2026-04-13,47.40480422973633
2026-04-14,48.00465774536133
2026-04-15,48.0096435546875
2026-04-16,48.59654998779297
2026-04-17,48.76594161987305
2026-04-20,49.054908752441406
2026-04-21,48.690879821777344
2026-04-22,49.01900863647461
2026-04-23,49.0200080871582
2026-04-24,48.87638473510742
2026-04-27,48.849456787109375
2026-04-28,48.000709533691406
2026-04-29,48.4754524230957
2026-04-30,49.35911178588867
2026-05-01,49.78398513793945
2026-05-04,50.152008056640625
2026-05-05,50.767372131347656
2026-05-06,51.76572799682617
2026-05-07,50.83917999267578
2026-05-08,51.26804733276367
2026-05-11,52.13474655151367
2026-05-12,51.400691986083984
2026-05-13,52.03900146484375
2026-05-14,52.29332733154297
2026-05-15,51.265052795410156
2026-05-18,50.21384048461914
2026-05-19,49.9276008605957
2026-05-20,50.531002044677734
2026-05-21,51.623077392578125
2026-05-22,51.78578567504883
2026-05-26,52.50551986694336
2026-05-27,52.7171516418457
2026-05-28,53.11045455932617
2026-05-29,53.11444854736328
2026-06-01,53.63752365112305
2026-06-02,54.35825729370117
2026-06-03,53.70341110229492
2026-06-04,53.87910079956055
2026-06-05,51.58714294433594
2026-06-08,51.771812438964844
2026-06-09,51.56517791748047
2026-06-10,50.66875457763672
2026-06-11,51.974456787109375
2026-06-12,52.725135803222656
2026-06-15,53.94797897338867
2026-06-16,53.539695739746094
2026-06-17,53.65748977661133
2026-06-18,54.34428024291992
2026-06-22,54.583858489990234
2026-06-23,53.33406448364258
2026-06-24,52.90781021118164
2026-06-25,53.123619079589844
2026-06-26,52.255409240722656
2026-06-29,53.111629486083984
2026-06-30,53.726070404052734
2026-07-01,52.370304107666016
2026-07-02,51.4411506652832
2026-07-06,51.740875244140625
2026-07-07,50.92262268066406
2026-07-08,51.26131057739258
2026-07-09,52.031612396240234
2026-07-10,51.657955169677734
2026-07-13,50.67484664916992
2026-07-14,50.99455642700195
2026-07-15,50.51399612426758
2026-07-16,49.28511428833008
2026-07-17,49.32807540893555
2026-07-20,49.40999984741211
2026-07-21,50.7239990234375
2026-07-22,50.8129997253418
2026-07-23,50.277000427246094
2026-07-24,49.327999114990234
2026-07-27,48.99599838256836
2026-07-28,48.23899841308594
2026-07-29,47.012001037597656
2026-07-30,48.98699951171875
2026-07-31,49.08000183105469
2026-08-03,49.55630111694336
