Date,Close
2007-09-10,60.14286804199219
2007-09-11,60.00044631958008
2007-09-12,60.119140625
2007-09-13,59.887733459472656
2007-09-14,59.93524169921875
2007-09-17,59.8343620300293
2007-09-18,59.792816162109375
2007-09-19,59.72160339355469
2007-09-20,59.16378402709961
2007-09-21,59.359622955322266
2007-09-24,59.329933166503906
2007-09-25,59.44269561767578
2007-09-26,59.45454788208008
2007-09-27,59.6207275390625
2007-09-28,59.75717544555664
2007-10-01,59.69187927246094
2007-10-02,59.84019470214844
2007-10-03,59.80467224121094
2007-10-04,59.90549087524414
2007-10-05,59.638511657714844
2007-10-08,59.78687286376953
2007-10-09,59.6325798034668
2007-10-10,59.77500534057617
2007-10-11,59.81052780151367
2007-10-12,59.66221618652344
2007-10-15,59.68009567260742
2007-10-16,59.763118743896484
2007-10-17,60.053871154785156
2007-10-18,60.14882278442383
2007-10-19,60.303062438964844
2007-10-22,60.344600677490234
2007-10-23,60.433650970458984
2007-10-24,60.52265548706055
2007-10-25,60.22002029418945
2007-10-26,60.01830291748047
2007-10-29,60.14286804199219
2007-10-30,60.09544372558594
2007-10-31,59.941123962402344
2007-11-01,60.10049819946289
2007-11-02,60.01095962524414
2007-11-05,59.814022064208984
2007-11-06,59.65284729003906
2007-11-07,59.605106353759766
2007-11-08,59.53352737426758
2007-11-09,59.80211639404297
2007-11-12,59.80211639404297
2007-11-13,59.76030731201172
2007-11-14,60.040809631347656
2007-11-15,60.279541015625
2007-11-16,60.16017150878906
2007-11-19,60.21989822387695
2007-11-20,59.83193588256836
2007-11-21,60.189998626708984
2007-11-23,60.16615295410156
2007-11-26,60.93604278564453
2007-11-27,60.39892578125
2007-11-28,60.36905288696289
2007-11-29,60.78083038330078
2007-11-30,60.76893615722656
2007-12-03,60.89339828491211
2007-12-04,60.7198371887207
2007-12-05,60.5342903137207
2007-12-06,60.32480239868164
2007-12-07,60.246978759765625
2007-12-10,60.25297927856445
2007-12-11,60.69594192504883
2007-12-12,60.576168060302734
2007-12-13,60.51629638671875
2007-12-14,60.372684478759766
2007-12-17,60.5103645324707
2007-12-18,60.79766845703125
2007-12-19,61.007144927978516
2007-12-20,60.63010025024414
2007-12-21,60.55824661254883
2007-12-24,60.426517486572266
2007-12-26,60.354736328125
2007-12-27,60.74787139892578
2007-12-28,60.80192947387695
2007-12-31,61.204124450683594
2008-01-02,61.396202087402344
2008-01-03,61.324180603027344
2008-01-04,61.29414367675781
2008-01-07,61.22806930541992
2008-01-08,61.138057708740234
2008-01-09,61.29414367675781
2008-01-10,61.204124450683594
2008-01-11,61.2821044921875
2008-01-14,61.558258056640625
2008-01-15,61.89441680908203
2008-01-16,61.660308837890625
2008-01-17,62.032466888427734
2008-01-18,61.85238265991211
2008-01-22,61.900413513183594
2008-01-23,61.972434997558594
2008-01-24,61.70232391357422
2008-01-25,61.75032424926758
2008-01-28,61.7203369140625
2008-01-29,61.53423309326172
2008-01-30,61.16809844970703
2008-01-31,61.366207122802734
2008-02-01,61.76897048950195
2008-02-04,61.612422943115234
2008-02-05,61.95560836791992
2008-02-06,61.94361877441406
2008-02-07,61.76897048950195
2008-02-08,61.80514907836914
2008-02-11,62.00975799560547
2008-02-12,61.84723663330078
2008-02-13,61.66661834716797
2008-02-14,61.088600158691406
2008-02-15,61.30537414550781
2008-02-19,60.67919158935547
2008-02-20,61.05247116088867
2008-02-21,60.83573532104492
2008-02-22,60.58283996582031
2008-02-25,60.26375198364258
2008-02-26,60.3118896484375
2008-02-27,59.93260955810547
2008-02-28,58.909027099609375
2008-02-29,58.517662048339844
2008-03-03,59.180145263671875
2008-03-04,59.70552444458008
2008-03-05,59.844398498535156
2008-03-06,60.17048263549805
2008-03-07,60.375789642333984
2008-03-10,60.3939094543457
2008-03-11,60.303314208984375
2008-03-12,60.430137634277344
2008-03-13,60.15840530395508
2008-03-14,60.279151916503906
2008-03-17,60.36368942260742
2008-03-18,60.0859489440918
2008-03-19,60.41805648803711
2008-03-20,60.623390197753906
2008-03-24,60.176490783691406
2008-03-25,60.146305084228516
2008-03-26,60.176490783691406
2008-03-27,60.17048263549805
2008-03-28,60.38785171508789
2008-03-31,60.35161590576172
2008-04-01,59.91798782348633
2008-04-02,59.94218063354492
2008-04-03,60.008846282958984
2008-04-04,60.354095458984375
2008-04-07,60.71137237548828
2008-04-08,60.94155502319336
2008-04-09,61.486663818359375
2008-04-10,61.335227966308594
2008-04-11,61.595664978027344
2008-04-14,61.49876022338867
2008-04-15,61.62599563598633
2008-04-16,61.529048919677734
2008-04-17,61.71678161621094
2008-04-18,61.80165481567383
2008-04-21,61.54117202758789
2008-04-22,61.55935287475586
2008-04-23,61.377647399902344
2008-04-24,61.2262077331543
2008-04-25,61.08086395263672
2008-04-28,61.141441345214844
2008-04-29,61.171722412109375
2008-04-30,61.28678512573242
2008-05-01,61.40218734741211
2008-05-02,61.250370025634766
2008-05-05,61.21998977661133
2008-05-06,61.122840881347656
2008-05-07,61.23817825317383
2008-05-08,61.31105422973633
2008-05-09,61.517608642578125
2008-05-12,61.54792785644531
2008-05-13,61.47504425048828
2008-05-14,61.57833480834961
2008-05-15,61.639034271240234
2008-05-16,61.75442886352539
2008-05-19,61.906272888183594
2008-05-20,62.088443756103516
2008-05-21,61.97312927246094
2008-05-22,61.8880615234375
2008-05-23,61.85773468017578
2008-05-27,61.869842529296875
2008-05-28,61.64512252807617
2008-05-29,61.572235107421875
2008-05-30,61.65119552612305
2008-06-02,61.746795654296875
2008-06-03,61.740760803222656
2008-06-04,61.618961334228516
2008-06-05,61.63114929199219
2008-06-06,61.56413650512695
2008-06-09,61.66759490966797
2008-06-10,61.39362335205078
2008-06-11,61.381446838378906
2008-06-12,60.985572814941406
2008-06-13,60.91859817504883
2008-06-16,60.80905532836914
2008-06-17,60.82728958129883
2008-06-18,60.760276794433594
2008-06-19,60.620243072509766
2008-06-20,60.01739501953125
2008-06-23,59.73731231689453
2008-06-24,59.98085403442383
2008-06-25,60.03565216064453
2008-06-26,60.27924346923828
2008-06-27,60.285316467285156
2008-06-30,60.58370590209961
2008-07-01,60.607566833496094
2008-07-02,60.863922119140625
2008-07-03,60.80286407470703
2008-07-07,60.96160125732422
2008-07-08,61.144744873046875
2008-07-09,61.450077056884766
2008-07-10,61.55385971069336
2008-07-11,61.175315856933594
2008-07-14,61.09593963623047
2008-07-15,61.621002197265625
2008-07-16,61.468345642089844
2008-07-17,61.06544494628906
2008-07-18,60.92502975463867
2008-07-21,61.07761764526367
2008-07-22,60.88840103149414
2008-07-23,60.74797058105469
2008-07-24,60.90059280395508
2008-07-25,60.717376708984375
2008-07-28,60.870086669921875
2008-07-29,60.75403594970703
2008-07-30,60.84565353393555
2008-07-31,60.92502975463867
2008-08-01,61.02361297607422
2008-08-04,60.95624542236328
2008-08-05,60.96232604980469
2008-08-06,60.85211944580078
2008-08-07,61.07255935668945
2008-08-08,61.18888473510742
2008-08-11,61.11540222167969
2008-08-12,61.305213928222656
2008-08-13,61.22560501098633
2008-08-14,61.623592376708984
2008-08-15,61.770530700683594
2008-08-18,61.71541976928711
2008-08-19,61.856239318847656
2008-08-20,61.81336975097656
2008-08-21,61.73993682861328
2008-08-22,61.78889083862305
2008-08-25,61.8011589050293
2008-08-26,61.70932388305664
2008-08-27,61.88683319091797
2008-08-28,61.69710159301758
2008-08-29,61.80725860595703
2008-09-02,61.567901611328125
2008-09-03,61.94843673706055
2008-09-04,61.8317756652832
2008-09-05,62.15707015991211
2008-09-08,62.21843338012695
2008-09-09,62.316646575927734
2008-09-10,62.12636184692383
2008-09-11,62.25519561767578
2008-09-12,62.224578857421875
2008-09-15,62.009796142578125
2008-09-16,61.365421295166016
2008-09-17,60.444969177246094
2008-09-18,59.40174865722656
2008-09-19,59.91107177734375
2008-09-22,60.23630905151367
2008-09-23,60.05835723876953
2008-09-24,59.4937744140625
2008-09-25,59.89265823364258
2008-09-26,60.23017120361328
2008-09-29,59.21765899658203
2008-09-30,59.714698791503906
2008-10-01,59.767024993896484
2008-10-02,60.78266143798828
2008-10-03,60.41948699951172
2008-10-06,60.06248474121094
2008-10-07,58.499046325683594
2008-10-08,56.78170394897461
2008-10-09,55.963104248046875
2008-10-10,54.781314849853516
2008-10-13,55.27373123168945
2008-10-14,56.31394958496094
2008-10-15,54.63357925415039
2008-10-16,54.81208038330078
2008-10-17,55.39065170288086
2008-10-20,57.231075286865234
2008-10-21,57.237239837646484
2008-10-22,58.696006774902344
2008-10-23,59.256141662597656
2008-10-24,59.40388107299805
2008-10-27,59.410003662109375
2008-10-28,59.18230438232422
2008-10-29,58.7822151184082
2008-10-30,58.75138854980469
2008-10-31,59.132991790771484
2008-11-03,59.083641052246094
2008-11-04,59.44797897338867
2008-11-05,58.935428619384766
2008-11-06,59.12688064575195
2008-11-07,59.43561553955078
2008-11-10,59.99753189086914
2008-11-11,60.0284309387207
2008-11-12,59.645545959472656
2008-11-13,59.83078384399414
2008-11-14,60.27545166015625
2008-11-17,60.20749282836914
2008-11-18,60.52244567871094
2008-11-19,60.09638595581055
2008-11-20,59.8493766784668
2008-11-21,59.48501968383789
2008-11-24,59.02803421020508
2008-11-25,58.91073989868164
2008-11-26,58.86134338378906
2008-11-28,58.811954498291016
2008-12-01,58.6372184753418
2008-12-02,57.856666564941406
2008-12-03,58.668212890625
2008-12-04,58.85407257080078
2008-12-05,58.73014831542969
2008-12-08,58.476200103759766
2008-12-09,58.72396469116211
2008-12-10,58.69297790527344
2008-12-11,58.23452377319336
2008-12-12,58.45140838623047
2008-12-15,58.50094985961914
2008-12-16,58.476200103759766
2008-12-17,59.145225524902344
2008-12-18,59.68417739868164
2008-12-19,60.427696228027344
2008-12-22,60.29753112792969
2008-12-23,60.44004440307617
2008-12-24,60.86751937866211
2008-12-26,60.99138641357422
2008-12-29,61.382625579833984
2008-12-30,61.55679702758789
2008-12-31,61.917510986328125
2009-01-02,61.89274597167969
2009-01-05,62.11661148071289
2009-01-06,62.2037467956543
2009-01-07,61.954978942871094
2009-01-08,62.8258056640625
2009-01-09,63.00617599487305
2009-01-12,63.37938690185547
2009-01-13,63.124366760253906
2009-01-14,63.18033981323242
2009-01-15,62.8258056640625
2009-01-16,62.676483154296875
2009-01-20,62.3592643737793
2009-01-21,61.47593688964844
2009-01-22,61.18360137939453
2009-01-23,60.53669357299805
2009-01-26,60.33758544921875
2009-01-27,61.494659423828125
2009-01-28,61.388885498046875
2009-01-29,61.581687927246094
2009-01-30,61.911346435546875
2009-02-02,61.974979400634766
2009-02-03,62.330718994140625
2009-02-04,62.24960708618164
2009-02-05,62.59897994995117
2009-02-06,62.711360931396484
2009-02-09,62.711360931396484
2009-02-10,62.948463439941406
2009-02-11,63.023311614990234
2009-02-12,63.023311614990234
2009-02-13,63.179290771484375
2009-02-17,63.09819412231445
2009-02-18,63.14812469482422
2009-02-19,62.60523223876953
2009-02-20,62.711360931396484
2009-02-23,62.45552062988281
2009-02-24,62.4866943359375
2009-02-25,62.61772918701172
2009-02-26,62.34321975708008
2009-02-27,62.22462463378906
2009-03-02,62.303489685058594
2009-03-03,62.184574127197266
2009-03-04,61.959228515625
2009-03-05,61.92164993286133
2009-03-06,61.88408279418945
2009-03-09,61.75263214111328
2009-03-10,61.833984375
2009-03-11,61.658714294433594
2009-03-12,61.783958435058594
2009-03-13,61.71507263183594
2009-03-16,61.35825729370117
2009-03-17,61.50224685668945
2009-03-18,61.54608917236328
2009-03-19,62.28470993041992
2009-03-20,62.40988540649414
2009-03-23,62.3160400390625
2009-03-24,62.54142761230469
2009-03-25,62.378597259521484
2009-03-26,62.32852554321289
2009-03-27,62.25341033935547
2009-03-30,62.34733963012695
2009-03-31,62.40365219116211
2009-04-01,62.617164611816406
2009-04-02,62.41624450683594
2009-04-03,62.54180908203125
2009-04-06,62.46017074584961
2009-04-07,62.604644775390625
2009-04-08,62.843345642089844
2009-04-09,62.717674255371094
2009-04-13,62.6611442565918
2009-04-14,62.767967224121094
2009-04-15,62.8621711730957
2009-04-16,63.65349578857422
2009-04-17,64.05547332763672
2009-04-20,64.03662109375
2009-04-21,64.26893615722656
2009-04-22,64.19358825683594
2009-04-23,64.18733978271484
2009-04-24,64.02399444580078
2009-04-27,64.09310913085938
2009-04-28,64.01145935058594
2009-04-29,63.97383117675781
2009-04-30,63.85444641113281
2009-05-01,64.13980102539062
2009-05-04,64.0012435913086
2009-05-05,63.742916107177734
2009-05-06,63.90047836303711
2009-05-07,64.02012634277344
2009-05-08,63.92567825317383
2009-05-11,64.05795288085938
2009-05-12,64.15245056152344
2009-05-13,64.05795288085938
2009-05-14,64.30990600585938
2009-05-15,64.2532730102539
2009-05-18,64.32256317138672
2009-05-19,64.41070556640625
2009-05-20,64.66902160644531
2009-05-21,64.66270446777344
2009-05-22,64.60597229003906
2009-05-26,64.49263000488281
2009-05-27,64.19023132324219
2009-05-28,63.90047836303711
2009-05-29,63.90047836303711
2009-06-01,63.66602325439453
2009-06-02,63.19203567504883
2009-06-03,63.318424224853516
2009-06-04,63.62812042236328
2009-06-05,63.47638702392578
2009-06-08,63.375389099121094
2009-06-09,63.19203567504883
2009-06-10,62.38319396972656
2009-06-11,62.7434196472168
2009-06-12,62.56016159057617
2009-06-15,62.762325286865234
2009-06-16,62.80662155151367
2009-06-17,62.91404724121094
2009-06-18,62.876121520996094
2009-06-19,62.69282150268555
2009-06-22,62.82557678222656
2009-06-23,62.79395294189453
2009-06-24,62.84450912475586
2009-06-25,62.73080062866211
2009-06-26,62.99615478515625
2009-06-29,63.065670013427734
2009-06-30,62.97087860107422
2009-07-01,63.27324295043945
2009-07-02,62.99434280395508
2009-07-06,63.24149703979492
2009-07-07,63.076683044433594
2009-07-08,63.37461853027344
2009-07-09,63.4823112487793
2009-07-10,63.65975570678711
2009-07-13,63.90693664550781
2009-07-14,63.723175048828125
2009-07-15,63.82449722290039
2009-07-16,63.723175048828125
2009-07-17,63.81185531616211
2009-07-20,63.7801628112793
2009-07-21,63.77387237548828
2009-07-22,63.818206787109375
2009-07-23,63.91961669921875
2009-07-24,63.83087158203125
2009-07-27,63.79290771484375
2009-07-28,63.887916564941406
2009-07-29,63.89426040649414
2009-07-30,64.02102661132812
2009-07-31,64.0970458984375
2009-08-03,64.07930755615234
2009-08-04,64.17465209960938
2009-08-05,64.32719421386719
2009-08-06,64.3335952758789
2009-08-07,64.30177307128906
2009-08-10,64.37806701660156
2009-08-11,64.10469055175781
2009-08-12,64.28265380859375
2009-08-13,64.2191390991211
2009-08-14,64.42882537841797
2009-08-17,64.42882537841797
2009-08-18,64.63871765136719
2009-08-19,64.74678802490234
2009-08-20,64.75944519042969
2009-08-21,64.72769165039062
2009-08-24,64.52423858642578
2009-08-25,64.58783721923828
2009-08-26,64.8865966796875
2009-08-27,64.96923828125
2009-08-28,65.25529479980469
2009-08-31,65.30621337890625
2009-09-01,65.35209655761719
2009-09-02,65.75383758544922
2009-09-03,65.92594909667969
2009-09-04,65.91960906982422
2009-09-08,65.9450912475586
2009-09-09,65.92594909667969
2009-09-10,66.0279541015625
2009-09-11,66.3722915649414
2009-09-14,66.46796417236328
2009-09-15,66.50624084472656
2009-09-16,66.35317993164062
2009-09-17,66.73582458496094
2009-09-18,66.83142852783203
2009-09-21,66.83142852783203
2009-09-22,67.1247329711914
2009-09-23,67.18851470947266
2009-09-24,66.79318237304688
2009-09-25,67.14389038085938
2009-09-28,67.3095932006836
2009-09-29,67.3670654296875
2009-09-30,67.46266174316406
2009-10-01,67.07897186279297
2009-10-02,66.90631866455078
2009-10-05,67.33475494384766
2009-10-06,67.36035919189453
2009-10-07,67.02781677246094
2009-10-08,66.65691375732422
2009-10-09,66.03022003173828
2009-10-12,65.97262573242188
2009-10-13,65.9662094116211
2009-10-14,65.33308410644531
2009-10-15,65.81269836425781
2009-10-16,65.8318862915039
2009-10-19,65.62088012695312
2009-10-20,65.78711700439453
2009-10-21,66.04293823242188
2009-10-22,65.88948059082031
2009-10-23,66.04293823242188
2009-10-26,65.9662094116211
2009-10-27,65.9662094116211
2009-10-28,65.78711700439453
2009-10-29,65.77436828613281
2009-10-30,65.70398712158203
2009-11-02,65.67259216308594
2009-11-03,65.6213150024414
2009-11-04,65.55713653564453
2009-11-05,65.55073547363281
2009-11-06,65.55713653564453
2009-11-09,65.56995391845703
2009-11-10,65.43522644042969
2009-11-11,65.47371673583984
2009-11-12,65.4288558959961
2009-11-13,65.56995391845703
2009-11-16,65.6084213256836
2009-11-17,65.65330505371094
2009-11-18,65.6213150024414
2009-11-19,65.80088806152344
2009-11-20,65.7752456665039
2009-11-23,65.88427734375
2009-11-24,65.90991973876953
2009-11-25,65.94844818115234
2009-11-27,66.03827667236328
2009-11-30,66.04461669921875
2009-12-01,66.09033203125
2009-12-02,66.2125244140625
2009-12-03,66.15463256835938
2009-12-04,66.34765625
2009-12-07,66.29621124267578
2009-12-08,66.48273468017578
2009-12-09,66.52776336669922
2009-12-10,66.36051940917969
2009-12-11,66.34765625
2009-12-14,66.34765625
2009-12-15,66.34123992919922
2009-12-16,66.27690887451172
2009-12-17,66.34123992919922
2009-12-18,66.33478546142578
2009-12-21,66.39271545410156
2009-12-22,66.27690887451172
2009-12-23,66.39271545410156
2009-12-24,66.28976440429688
2009-12-28,66.28976440429688
2009-12-29,66.3388442993164
2009-12-30,66.2291259765625
2009-12-31,66.29363250732422
2010-01-04,66.3903579711914
2010-01-05,66.46138763427734
2010-01-06,66.3646011352539
2010-01-07,66.4419937133789
2010-01-08,66.45494842529297
2010-01-11,66.45494842529297
2010-01-12,66.58395385742188
2010-01-13,66.3968734741211
2010-01-14,66.59040832519531
2010-01-15,66.64848327636719
2010-01-19,66.58395385742188
2010-01-20,66.6097412109375
2010-01-21,66.64203643798828
2010-01-22,66.5968246459961
2010-01-25,66.68720245361328
2010-01-26,66.55171966552734
2010-01-27,66.48714447021484
2010-01-28,66.480712890625
2010-01-29,66.54522705078125
2010-02-01,66.5892562866211
2010-02-02,66.60221099853516
2010-02-03,66.62810516357422
2010-02-04,66.84815979003906
2010-02-05,66.87400817871094
2010-02-08,66.8546142578125
2010-02-09,66.82221221923828
2010-02-10,66.8869400024414
2010-02-11,66.89344787597656
2010-02-12,66.8869400024414
2010-02-16,66.8869400024414
2010-02-17,66.93876647949219
2010-02-18,66.8546142578125
2010-02-19,66.88048553466797
2010-02-22,66.82221221923828
2010-02-23,66.89344787597656
2010-02-24,67.00341033935547
2010-02-25,67.02935791015625
2010-02-26,67.10701751708984
2010-03-01,67.07003021240234
2010-03-02,67.14144134521484
2010-03-03,67.1998519897461
2010-03-04,67.27774810791016
2010-03-05,67.31668853759766
2010-03-08,67.32318878173828
2010-03-09,67.33619689941406
2010-03-10,67.36862182617188
2010-03-11,67.32967376708984
2010-03-12,67.42705535888672
2010-03-15,67.32318878173828
2010-03-16,67.36216735839844
2010-03-17,67.34912109375
2010-03-18,67.40108489990234
2010-03-19,67.4465560913086
2010-03-22,67.42705535888672
2010-03-23,67.45305633544922
2010-03-24,67.38814544677734
2010-03-25,67.12842559814453
2010-03-26,67.12842559814453
2010-03-29,67.12194061279297
2010-03-30,67.09597778320312
2010-03-31,67.06352233886719
2010-04-01,67.11431121826172
2010-04-05,66.93848419189453
2010-04-06,66.97101593017578
2010-04-07,67.01009368896484
2010-04-08,67.1077880859375
2010-04-09,67.05564880371094
2010-04-12,67.1208267211914
2010-04-13,67.1664047241211
2010-04-14,67.27063751220703
2010-04-15,67.30970001220703
2010-04-16,67.39435577392578
2010-04-19,67.35529327392578
2010-04-20,67.36178588867188
2010-04-21,67.63533020019531
2010-04-22,67.63533020019531
2010-04-23,67.63533020019531
2010-04-26,67.77207946777344
2010-04-27,67.7656021118164
2010-04-28,67.85681915283203
2010-04-29,67.78511047363281
2010-04-30,67.83074951171875
2010-05-03,67.9039077758789
2010-05-04,67.85811614990234
2010-05-05,67.87776184082031
2010-05-06,67.9039077758789
2010-05-07,67.79935455322266
2010-05-10,67.94306945800781
2010-05-11,67.96268463134766
2010-05-12,67.94306945800781
2010-05-13,68.02798461914062
2010-05-14,67.97577667236328
2010-05-17,68.02798461914062
2010-05-18,68.13903045654297
2010-05-19,68.17174530029297
2010-05-20,68.29582214355469
2010-05-21,68.29582214355469
2010-05-24,68.30889892578125
2010-05-25,68.49185943603516
2010-05-26,68.46574401855469
2010-05-27,68.34162139892578
2010-05-28,68.39378356933594
2010-06-01,68.33296203613281
2010-06-02,68.36569213867188
2010-06-03,68.35255432128906
2010-06-04,68.26082611083984
2010-06-07,68.24774932861328
2010-06-08,68.33296203613281
2010-06-09,68.3001937866211
2010-06-10,68.1101303100586
2010-06-11,68.11669921875
2010-06-14,68.01187133789062
2010-06-15,67.92669677734375
2010-06-16,67.97250366210938
2010-06-17,68.06423950195312
2010-06-18,68.00534057617188
2010-06-21,67.99219512939453
2010-06-22,67.97250366210938
2010-06-23,67.97905731201172
2010-06-24,67.97905731201172
2010-06-25,68.03150939941406
2010-06-28,68.0577163696289
2010-06-29,68.07740783691406
2010-06-30,68.16256713867188
2010-07-01,68.2315444946289
2010-07-02,68.3038558959961
2010-07-06,68.24470520019531
2010-07-07,68.37614440917969
2010-07-08,68.38277435302734
2010-07-09,68.40248107910156
2010-07-12,68.39588928222656
2010-07-13,68.45503997802734
2010-07-14,68.56671905517578
2010-07-15,68.72449493408203
2010-07-16,68.73109436035156
2010-07-19,68.67849731445312
2010-07-20,68.7638931274414
2010-07-21,68.86906433105469
2010-07-22,68.94132995605469
2010-07-23,68.90847778320312
2010-07-26,68.93476104736328
2010-07-27,69.19766235351562
2010-07-28,69.49346923828125
2010-07-29,69.20426940917969
2010-07-30,69.1253433227539
2010-08-02,69.22097778320312
2010-08-03,69.21435546875
2010-08-04,69.30008697509766
2010-08-05,69.30008697509766
2010-08-06,69.36600494384766
2010-08-09,69.36600494384766
2010-08-10,69.47146606445312
2010-08-11,69.60987854003906
2010-08-12,69.76150512695312
2010-08-13,69.8076171875
2010-08-16,69.8340072631836
2010-08-17,69.8340072631836
2010-08-18,69.9922103881836
2010-08-19,70.08451843261719
2010-08-20,70.26908111572266
2010-08-23,70.26908111572266
2010-08-24,70.46025085449219
2010-08-25,70.66458892822266
2010-08-26,70.64476776123047
2010-08-27,70.63815307617188
2010-08-30,70.63165283203125
2010-08-31,70.61843872070312
2010-09-01,70.55958557128906
2010-09-02,70.6521224975586
2010-09-03,70.4868392944336
2010-09-07,70.54635620117188
2010-09-08,70.51332092285156
2010-09-09,70.40090942382812
2010-09-10,70.37448120117188
2010-09-13,70.3348388671875
2010-09-14,70.3348388671875
2010-09-15,70.35459899902344
2010-09-16,70.32156372070312
2010-09-17,70.29513549804688
2010-09-20,70.29513549804688
2010-09-21,70.3348388671875
2010-09-22,70.50666809082031
2010-09-23,70.57941436767578
2010-09-24,70.54635620117188
2010-09-27,70.61906433105469
2010-09-28,70.6521224975586
2010-09-29,70.57941436767578
2010-09-30,70.59264373779297
2010-10-01,70.53431701660156
2010-10-04,70.34861755371094
2010-10-05,70.33533477783203
2010-10-06,70.434814453125
2010-10-07,70.55418395996094
2010-10-08,70.58734893798828
2010-10-11,70.6470718383789
2010-10-12,70.56748962402344
2010-10-13,70.54097747802734
2010-10-14,70.46135711669922
2010-10-15,70.3751220703125
2010-10-18,70.39502716064453
2010-10-19,70.46135711669922
2010-10-20,70.42158508300781
2010-10-21,70.44807434082031
2010-10-22,70.48790740966797
2010-10-25,70.47464752197266
2010-10-26,70.42816925048828
2010-10-27,70.03695678710938
2010-10-28,69.97731018066406
2010-10-29,70.02371215820312
2010-11-01,70.0177230834961
2010-11-02,70.03768157958984
2010-11-03,70.07093048095703
2010-11-04,70.07093048095703
2010-11-05,70.04434967041016
2010-11-08,69.97117614746094
2010-11-09,69.41261291503906
2010-11-10,69.02684783935547
2010-11-11,68.21559143066406
2010-11-12,68.42841339111328
2010-11-15,67.16486358642578
2010-11-16,66.76588439941406
2010-11-17,66.85895538330078
2010-11-18,67.15158081054688
2010-11-19,67.71013641357422
2010-11-22,68.00942993164062
2010-11-23,68.08259582519531
2010-11-24,67.72349548339844
2010-11-26,68.01603698730469
2010-11-29,67.71013641357422
2010-11-30,68.06925201416016
2010-12-01,67.71244049072266
2010-12-02,67.6990966796875
2010-12-03,67.77249145507812
2010-12-06,67.68572235107422
2010-12-07,66.6986083984375
2010-12-08,66.19841003417969
2010-12-09,66.35181427001953
2010-12-10,66.1583480834961
2010-12-13,66.04495239257812
2010-12-14,64.89778900146484
2010-12-15,65.1912612915039
2010-12-16,65.79153442382812
2010-12-17,66.67190551757812
2010-12-20,65.95156860351562
2010-12-21,66.05830383300781
2010-12-22,66.21171569824219
2010-12-23,66.1116943359375
2010-12-27,66.31842803955078
2010-12-28,66.12174224853516
2010-12-29,66.14183044433594
2010-12-30,66.32245635986328
2010-12-31,66.35588836669922
2011-01-03,66.61680603027344
2011-01-04,66.81082916259766
2011-01-05,66.50981903076172
2011-01-06,66.32245635986328
2011-01-07,66.38263702392578
2011-01-10,66.2823257446289
2011-01-11,66.2688980102539
2011-01-12,65.8608169555664
2011-01-13,65.10479736328125
2011-01-14,64.40227508544922
2011-01-18,65.14497375488281
2011-01-19,65.25199890136719
2011-01-20,65.22525024414062
2011-01-21,65.7938461303711
2011-01-24,66.12174224853516
2011-01-25,66.04814147949219
2011-01-26,66.54322814941406
2011-01-27,66.45630645751953
2011-01-28,66.59003448486328
2011-01-31,66.23545837402344
2011-02-01,66.56232452392578
2011-02-02,66.35424041748047
2011-02-03,66.26701354980469
2011-02-04,66.10591125488281
2011-02-07,66.146240234375
2011-02-08,66.119384765625
2011-02-09,66.30728149414062
2011-02-10,66.57573699951172
2011-02-11,67.64280700683594
2011-02-14,66.94485473632812
2011-02-15,66.85089874267578
2011-02-16,66.71668243408203
2011-02-17,67.11266326904297
2011-02-18,67.24014282226562
2011-02-22,66.92472839355469
2011-02-23,67.11266326904297
2011-02-24,67.45487213134766
2011-02-25,67.56229400634766
2011-02-28,67.75692749023438
2011-03-01,67.62630462646484
2011-03-02,67.45124816894531
2011-03-03,67.52533721923828
2011-03-04,67.30322265625
2011-03-07,66.87232208251953
2011-03-08,67.1281967163086
2011-03-09,67.27627563476562
2011-03-10,67.33682250976562
2011-03-11,67.24938201904297
2011-03-14,67.18204498291016
2011-03-15,67.33682250976562
2011-03-16,67.57918548583984
2011-03-17,67.4917221069336
2011-03-18,67.47821044921875
2011-03-21,67.47821044921875
2011-03-22,67.22235107421875
2011-03-23,67.316650390625
2011-03-24,67.22235107421875
2011-03-25,67.19552612304688
2011-03-28,67.22235107421875
2011-03-29,67.10797119140625
2011-03-30,67.04739379882812
2011-03-31,66.94639587402344
2011-04-01,67.30768585205078
2011-04-04,67.25364685058594
2011-04-05,67.25364685058594
2011-04-06,66.98358917236328
2011-04-07,67.32791900634766
2011-04-08,67.21311950683594
2011-04-11,67.26722717285156
2011-04-12,67.3819351196289
2011-04-13,67.3819351196289
2011-04-14,67.48323822021484
2011-04-15,67.78033447265625
2011-04-18,67.87487030029297
2011-04-19,68.03018951416016
2011-04-20,68.06390380859375
2011-04-21,68.1314697265625
2011-04-25,68.25304412841797
2011-04-26,68.40159606933594
2011-04-27,68.49610137939453
2011-04-28,68.66490936279297
2011-04-29,68.7999267578125
2011-05-02,68.88800811767578
2011-05-03,68.86093139648438
2011-05-04,69.08438110351562
2011-05-05,69.25372314453125
2011-05-06,69.2469482421875
2011-05-09,69.31473541259766
2011-05-10,69.3215103149414
2011-05-11,69.47727966308594
2011-05-12,69.86336517333984
2011-05-13,69.95807647705078
2011-05-16,69.91073608398438
2011-05-17,70.30355072021484
2011-05-18,70.16809844970703
2011-05-19,69.93102264404297
2011-05-20,69.78886413574219
2011-05-23,69.97850799560547
2011-05-24,70.12747955322266
2011-05-25,69.84977722167969
2011-05-26,69.96493530273438
2011-05-27,70.13428497314453
2011-05-31,70.4051513671875
2011-06-01,70.35486602783203
2011-06-02,70.48393249511719
2011-06-03,70.51116943359375
2011-06-06,70.38206481933594
2011-06-07,70.38206481933594
2011-06-08,70.47714233398438
2011-06-09,70.38883972167969
2011-06-10,70.15111541748047
2011-06-13,70.02203369140625
2011-06-14,70.1035385131836
2011-06-15,70.06277465820312
2011-06-16,70.34809875488281
2011-06-17,70.34133911132812
2011-06-20,70.3616714477539
2011-06-21,70.55188751220703
2011-06-22,70.48393249511719
2011-06-23,70.43640899658203
2011-06-24,70.5654296875
2011-06-27,70.60619354248047
2011-06-28,70.47039794921875
2011-06-29,70.2258529663086
2011-06-30,70.31416320800781
2011-07-01,70.0995101928711
2011-07-05,70.16085052490234
2011-07-06,70.22209930419922
2011-07-07,70.07225799560547
2011-07-08,70.0859146118164
2011-07-11,70.590087890625
2011-07-12,70.61727905273438
2011-07-13,70.78768920898438
2011-07-14,70.69903564453125
2011-07-15,70.74674987792969
2011-07-18,70.65140533447266
2011-07-19,70.88983917236328
2011-07-20,71.13509368896484
2011-07-21,71.18276977539062
2011-07-22,71.34626770019531
2011-07-25,71.02609252929688
2011-07-26,70.97154998779297
2011-07-27,70.73995208740234
2011-07-28,70.60371398925781
2011-07-29,70.69903564453125
2011-08-01,70.68334197998047
2011-08-02,70.84046936035156
2011-08-03,71.48954772949219
2011-08-04,71.6808090209961
2011-08-05,71.71495056152344
2011-08-08,70.71068572998047
2011-08-09,70.87464904785156
2011-08-10,71.5988540649414
2011-08-11,71.04541778564453
2011-08-12,71.49634552001953
2011-08-15,71.75599670410156
2011-08-16,71.96772003173828
2011-08-17,72.13172912597656
2011-08-18,72.42547607421875
2011-08-19,72.26150512695312
2011-08-22,72.36398315429688
2011-08-23,72.2956771850586
2011-08-24,72.25468444824219
2011-08-25,72.46647644042969
2011-08-26,72.60997772216797
2011-08-29,72.55528259277344
2011-08-30,72.5689926147461
2011-08-31,73.09505462646484
2011-09-01,72.7914810180664
2011-09-02,72.33939361572266
2011-09-06,72.60659790039062
2011-09-07,72.55171966552734
2011-09-08,72.79840087890625
2011-09-09,72.70928955078125
2011-09-12,72.90796661376953
2011-09-13,72.79840087890625
2011-09-14,72.82577514648438
2011-09-15,72.71617889404297
2011-09-16,72.59972381591797
2011-09-19,72.77786254882812
2011-09-20,72.85318756103516
2011-09-21,72.96283721923828
2011-09-22,73.35334014892578
2011-09-23,73.4766616821289
2011-09-26,73.38069152832031
2011-09-27,73.35334014892578
2011-09-28,73.00389099121094
2011-09-29,73.07242584228516
2011-09-30,73.06560516357422
2011-10-03,73.21534729003906
2011-10-04,73.05046844482422
2011-10-05,72.54889678955078
2011-10-06,72.32223510742188
2011-10-07,72.51455688476562
2011-10-10,72.48709869384766
2011-10-11,72.06803131103516
2011-10-12,72.39775085449219
2011-10-13,72.89241027832031
2011-10-14,72.55577850341797
2011-10-17,72.43900299072266
2011-10-18,72.6725845336914
2011-10-19,72.5970230102539
2011-10-20,72.72754669189453
2011-10-21,72.91302490234375
2011-10-24,72.7962417602539
2011-10-25,72.80998229980469
2011-10-26,72.98177337646484
2011-10-27,72.76876068115234
2011-10-28,72.76189422607422
2011-10-31,72.67943572998047
2011-11-01,73.13621520996094
2011-11-02,73.17063903808594
2011-11-03,73.05357360839844
2011-11-04,73.06046295166016
2011-11-07,72.9915771484375
2011-11-08,72.82618713378906
2011-11-09,73.00531768798828
2011-11-10,73.10868835449219
2011-11-11,73.12246704101562
2011-11-14,73.06732177734375
2011-11-15,72.90888977050781
2011-11-16,72.9501724243164
2011-11-17,73.01910400390625
2011-11-18,73.10868835449219
2011-11-21,73.25333404541016
2011-11-22,73.33595275878906
2011-11-23,73.3979721069336
2011-11-25,73.32223510742188
2011-11-28,73.19132232666016
2011-11-29,73.17755126953125
2011-11-30,73.14310455322266
2011-12-01,73.13480377197266
2011-12-02,73.39047241210938
2011-12-05,73.3489761352539
2011-12-06,73.74971771240234
2011-12-07,73.9914779663086
2011-12-08,73.93621826171875
2011-12-09,74.04672241210938
2011-12-12,74.07442474365234
2011-12-13,73.9984359741211
2011-12-14,74.129638671875
2011-12-15,74.20563507080078
2011-12-16,74.34382629394531
2011-12-19,74.40599060058594
2011-12-20,74.45437622070312
2011-12-21,74.55801391601562
2011-12-22,74.87582397460938
2011-12-23,74.78598022460938
2011-12-27,75.07615661621094
2011-12-28,75.06924438476562
2011-12-29,75.657958984375
2011-12-30,74.97232818603516
2012-01-03,75.0484390258789
2012-01-04,75.18009948730469
2012-01-05,75.5263442993164
2012-01-06,76.5721664428711
2012-01-09,76.82840728759766
2012-01-10,76.20507049560547
2012-01-11,76.41287231445312
2012-01-12,76.46135711669922
2012-01-13,76.65528869628906
2012-01-17,76.7176513671875
2012-01-18,76.7522201538086
2012-01-19,76.8561019897461
2012-01-20,76.55133819580078
2012-01-23,76.7106704711914
2012-01-24,76.92537689208984
2012-01-25,77.43791198730469
2012-01-26,78.17890930175781
2012-01-27,78.04043579101562
2012-01-30,78.0888900756836
2012-01-31,77.61796569824219
2012-02-01,78.1880111694336
2012-02-02,78.5907211303711
2012-02-03,78.05610656738281
2012-02-06,77.41035461425781
2012-02-07,77.6395034790039
2012-02-08,78.01436614990234
2012-02-09,77.76449584960938
2012-02-10,78.17405700683594
2012-02-13,79.1114730834961
2012-02-14,78.92395782470703
2012-02-15,78.79901123046875
2012-02-16,78.68795013427734
2012-02-17,78.63928985595703
2012-02-21,78.8059310913086
2012-02-22,78.9933853149414
2012-02-23,77.38258361816406
2012-02-24,76.65357971191406
2012-02-27,76.54943084716797
2012-02-28,76.6882553100586
2012-02-29,76.78548431396484
2012-03-01,76.71304321289062
2012-03-02,76.6434555053711
2012-03-05,76.71304321289062
2012-03-06,76.61557006835938
2012-03-07,76.41374206542969
2012-03-08,76.30935668945312
2012-03-09,76.21183776855469
2012-03-12,76.33016204833984
2012-03-13,76.13528442382812
2012-03-14,75.42523956298828
2012-03-15,74.83352661132812
2012-03-16,75.12591552734375
2012-03-19,74.91011047363281
2012-03-20,74.83352661132812
2012-03-21,75.29998016357422
2012-03-22,75.70372772216797
2012-03-23,75.73849487304688
2012-03-26,75.98907470703125
2012-03-27,76.18396759033203
2012-03-28,76.26060485839844
2012-03-29,76.19792175292969
2012-03-30,76.15615844726562
2012-04-02,76.10729217529297
2012-04-03,75.57697296142578
2012-04-04,75.6118392944336
2012-04-05,75.33966064453125
2012-04-09,75.84219360351562
2012-04-10,76.00260925292969
2012-04-11,76.13526916503906
2012-04-12,75.77237701416016
2012-04-13,75.99565124511719
2012-04-16,75.9608154296875
2012-04-17,76.23294067382812
2012-04-18,76.30271911621094
2012-04-19,76.65858459472656
2012-04-20,76.65164947509766
2012-04-23,76.42137145996094
2012-04-24,76.69354248046875
2012-04-25,76.75633239746094
2012-04-26,76.76329040527344
2012-04-27,76.90287780761719
2012-04-30,76.81913757324219
2012-05-01,76.8100357055664
2012-05-02,76.97792053222656
2012-05-03,77.20178985595703
2012-05-04,77.78935241699219
2012-05-07,77.69145965576172
2012-05-08,77.75442504882812
2012-05-09,77.57952880859375
2012-05-10,77.4536361694336
2012-05-11,77.57952880859375
2012-05-14,76.89397430419922
2012-05-15,77.55152130126953
2012-05-16,77.50955200195312
2012-05-17,77.60052490234375
2012-05-18,77.62849426269531
2012-05-21,77.57252502441406
2012-05-22,77.52362060546875
2012-05-23,77.55854034423828
2012-05-24,77.4815673828125
2012-05-25,77.53754425048828
2012-05-29,77.5445556640625
2012-05-30,77.60749816894531
2012-05-31,77.7403793334961
2012-06-01,77.86524200439453
2012-06-04,77.78108215332031
2012-06-05,77.36034393310547
2012-06-06,77.32527160644531
2012-06-07,77.311279296875
2012-06-08,77.42347717285156
2012-06-11,77.16398620605469
2012-06-12,76.91854095458984
2012-06-13,77.26213836669922
2012-06-14,77.37435913085938
2012-06-15,77.40945434570312
2012-06-18,77.10786437988281
2012-06-19,77.10786437988281
2012-06-20,76.91157531738281
2012-06-21,77.00975799560547
2012-06-22,76.98868560791016
2012-06-25,77.2060775756836
2012-06-26,77.2341537475586
2012-06-27,77.13597869873047
2012-06-28,77.24112701416016
2012-06-29,77.18502044677734
2012-07-02,76.81393432617188
2012-07-03,76.75762939453125
2012-07-05,76.94740295410156
2012-07-06,77.23566436767578
2012-07-09,77.34114837646484
2012-07-10,77.6152572631836
2012-07-11,77.43248748779297
2012-07-12,77.60826110839844
2012-07-13,77.67151641845703
2012-07-16,77.76994323730469
2012-07-17,77.94564056396484
2012-07-18,78.19873809814453
2012-07-19,78.43071746826172
2012-07-20,78.54317474365234
2012-07-23,78.48694610595703
2012-07-24,78.59944152832031
2012-07-25,78.7540512084961
2012-07-26,78.80328369140625
2012-07-27,78.47290802001953
2012-07-30,78.65570068359375
2012-07-31,78.78221893310547
2012-08-01,78.60672760009766
2012-08-02,78.60672760009766
2012-08-03,78.55743408203125
2012-08-06,78.64901733398438
2012-08-07,78.44466400146484
2012-08-08,78.50105285644531
2012-08-09,78.50809478759766
2012-08-10,78.53627014160156
2012-08-13,78.43058776855469
2012-08-14,78.42351531982422
2012-08-15,78.21915435791016
2012-08-16,78.12757873535156
2012-08-17,78.19098663330078
2012-08-20,78.14866638183594
2012-08-21,78.2120361328125
2012-08-22,78.24027252197266
2012-08-23,78.31781768798828
2012-08-24,78.39535522460938
2012-08-27,78.62084197998047
2012-08-28,78.47286224365234
2012-08-29,78.61378479003906
2012-08-30,78.63491821289062
2012-08-31,78.66316986083984
2012-09-04,78.54938507080078
2012-09-05,78.73304748535156
2012-09-06,78.5070571899414
2012-09-07,78.54234313964844
2012-09-10,78.44342041015625
2012-09-11,78.54234313964844
2012-09-12,78.42927551269531
2012-09-13,78.4151840209961
2012-09-14,78.11143493652344
2012-09-17,78.18911743164062
2012-09-18,78.26679992675781
2012-09-19,78.49291229248047
2012-09-20,78.49993133544922
2012-09-21,78.5776596069336
2012-09-24,78.62000274658203
2012-09-25,78.78961181640625
2012-09-26,78.95912170410156
2012-09-27,78.95203399658203
2012-09-28,79.11451721191406
2012-10-01,79.072021484375
2012-10-02,79.12155151367188
2012-10-03,79.22781372070312
2012-10-04,79.22074127197266
2012-10-05,79.16407775878906
2012-10-08,79.19947814941406
2012-10-09,79.1003189086914
2012-10-10,79.13569641113281
2012-10-11,79.12865447998047
2012-10-12,79.2136001586914
2012-10-15,79.1923599243164
2012-10-16,79.25609588623047
2012-10-17,79.05784606933594
2012-10-18,79.072021484375
2012-10-19,79.09325408935547
2012-10-22,79.14281463623047
2012-10-23,79.19947814941406
2012-10-24,79.17819213867188
2012-10-25,79.20655822753906
2012-10-26,79.30570220947266
2012-10-31,79.48271942138672
2012-11-01,79.284423828125
2012-11-02,79.31272888183594
2012-11-05,79.42605590820312
2012-11-06,79.46849060058594
2012-11-07,79.68096923828125
2012-11-08,79.73049926757812
2012-11-09,80.05622100830078
2012-11-12,80.35356140136719
2012-11-13,80.28992462158203
2012-11-14,79.84381103515625
2012-11-15,80.24037170410156
2012-11-16,79.99246978759766
2012-11-19,80.1766586303711
2012-11-20,80.32533264160156
2012-11-21,80.31117248535156
2012-11-23,80.3041000366211
2012-11-26,80.34656524658203
2012-11-27,80.29701232910156
2012-11-28,80.4032211303711
2012-11-29,80.60855865478516
2012-11-30,80.7713851928711
2012-12-03,80.6600341796875
2012-12-04,80.41162872314453
2012-12-05,80.4400634765625
2012-12-06,80.4400634765625
2012-12-07,80.34071350097656
2012-12-10,80.2981185913086
2012-12-11,80.08528137207031
2012-12-12,79.95040130615234
2012-12-13,79.73039245605469
2012-12-14,78.80091857910156
2012-12-17,78.16215515136719
2012-12-18,77.90673828125
2012-12-19,78.48151397705078
2012-12-20,78.65186309814453
2012-12-21,78.63768768310547
2012-12-24,78.70864868164062
2012-12-26,78.77759552001953
2012-12-27,78.80603790283203
2012-12-28,78.52867126464844
2012-12-31,78.68512725830078
2013-01-02,79.5101318359375
2013-01-03,79.52433776855469
2013-01-04,79.34652709960938
2013-01-07,79.48165130615234
2013-01-08,79.62390899658203
2013-01-09,79.81588745117188
2013-01-10,79.76612091064453
2013-01-11,79.95105743408203
2013-01-14,79.95105743408203
2013-01-15,79.87992858886719
2013-01-16,79.93680572509766
2013-01-17,79.95105743408203
2013-01-18,80.08613586425781
2013-01-22,80.00796508789062
2013-01-23,79.84436798095703
2013-01-24,79.91545867919922
2013-01-25,79.65234375
2013-01-28,79.31095886230469
2013-01-29,79.26121520996094
2013-01-30,79.2967529296875
2013-01-31,79.32523345947266
2013-02-01,79.6124496459961
2013-02-04,79.75496673583984
2013-02-05,79.71223449707031
2013-02-06,79.82628631591797
2013-02-07,79.69087982177734
2013-02-08,79.85477447509766
2013-02-11,79.63383483886719
2013-02-12,79.58393096923828
2013-02-13,79.58393096923828
2013-02-14,79.42001342773438
2013-02-15,79.41288757324219
2013-02-19,79.43424987792969
2013-02-20,79.45565032958984
2013-02-21,79.55542755126953
2013-02-22,79.5340347290039
2013-02-25,79.5054931640625
2013-02-26,79.54829406738281
2013-02-27,79.69087982177734
2013-02-28,79.74786376953125
2013-03-01,79.90718841552734
2013-03-04,79.82856750488281
2013-03-05,79.80003356933594
2013-03-06,79.55712127685547
2013-03-07,79.24273681640625
2013-03-08,78.82127380371094
2013-03-11,78.60694122314453
2013-03-12,78.67127990722656
2013-03-13,78.49974822998047
2013-03-14,78.3211441040039
2013-03-15,78.43550109863281
2013-03-18,78.44977569580078
2013-03-19,78.578369140625
2013-03-20,78.49974822998047
2013-03-21,78.43550109863281
2013-03-22,78.65690612792969
2013-03-25,78.52117919921875
2013-03-26,78.52838134765625
2013-03-27,78.56407928466797
2013-03-28,78.70696258544922
2013-04-01,78.87809753417969
2013-04-02,79.04279327392578
2013-04-03,79.16448974609375
2013-04-04,79.22176361083984
2013-04-05,79.45807647705078
2013-04-08,79.56547546386719
2013-04-09,79.39362335205078
2013-04-10,79.35779571533203
2013-04-11,79.5153579711914
2013-04-12,79.61560821533203
2013-04-15,79.60126495361328
2013-04-16,79.65852355957031
2013-04-17,79.80176544189453
2013-04-18,79.88770294189453
2013-04-19,79.83755493164062
2013-04-22,79.7659683227539
2013-04-23,79.80176544189453
2013-04-24,79.7659683227539
2013-04-25,79.88770294189453
2013-04-26,79.99510192871094
2013-04-29,80.0308837890625
2013-04-30,80.08819580078125
2013-05-01,80.15493774414062
2013-05-02,80.25538635253906
2013-05-03,80.10469818115234
2013-05-06,80.0113525390625
2013-05-07,79.87503814697266
2013-05-08,79.87503814697266
2013-05-09,79.80329895019531
2013-05-10,79.50186157226562
2013-05-13,79.58797454833984
2013-05-14,79.65255737304688
2013-05-15,79.64541625976562
2013-05-16,79.7889175415039
2013-05-17,79.6167221069336
2013-05-20,79.51622772216797
2013-05-21,79.47319030761719
2013-05-22,79.37262725830078
2013-05-23,79.45161437988281
2013-05-24,79.44446563720703
2013-05-28,78.66222381591797
2013-05-29,78.32486724853516
2013-05-30,78.35359191894531
2013-05-31,77.64311981201172
2013-06-03,77.61436462402344
2013-06-04,77.3985595703125
2013-06-05,77.57120513916016
2013-06-06,77.75104522705078
2013-06-07,77.54248046875
2013-06-10,77.06765747070312
2013-06-11,77.36980438232422
2013-06-12,76.62890625
2013-06-13,77.13239288330078
2013-06-14,77.18280029296875
2013-06-17,76.97418975830078
2013-06-18,76.61448669433594
2013-06-19,76.21166229248047
2013-06-20,74.86654663085938
2013-06-21,73.57898712158203
2013-06-24,72.90283966064453
2013-06-25,73.96026611328125
2013-06-26,75.50672912597656
2013-06-27,76.16851043701172
2013-06-28,75.5571060180664
2013-07-01,76.19818878173828
2013-07-02,76.21260070800781
2013-07-03,75.74388122558594
2013-07-05,74.5757064819336
2013-07-08,74.9218521118164
2013-07-09,75.1453628540039
2013-07-10,75.03718566894531
2013-07-11,75.72222900390625
2013-07-12,76.06837463378906
2013-07-15,75.58524322509766
2013-07-16,75.6429214477539
2013-07-17,75.80158233642578
2013-07-18,75.74388122558594
2013-07-19,75.32563781738281
2013-07-22,74.82807922363281
2013-07-23,74.88574981689453
2013-07-24,74.37377166748047
2013-07-25,74.58290100097656
2013-07-26,75.10931396484375
2013-07-29,74.965087890625
2013-07-30,74.9434585571289
2013-07-31,74.95787048339844
2013-08-01,74.84294128417969
2013-08-02,74.9296875
2013-08-05,74.71281433105469
2013-08-06,74.6043472290039
2013-08-07,74.7272720336914
2013-08-08,74.78508758544922
2013-08-09,74.75616455078125
2013-08-12,74.85740661621094
2013-08-13,74.3802719116211
2013-08-14,74.35856628417969
2013-08-15,73.9754409790039
2013-08-16,73.66459655761719
2013-08-19,73.47663879394531
2013-08-20,73.85256958007812
2013-08-21,73.64289855957031
2013-08-22,73.63568878173828
2013-08-23,73.96096801757812
2013-08-26,73.79471588134766
2013-08-27,73.78749084472656
2013-08-28,73.62842559814453
2013-08-29,73.65737915039062
2013-08-30,73.67181396484375
2013-09-03,73.4942398071289
2013-09-04,73.53771209716797
2013-09-05,73.2260513305664
2013-09-06,73.37102508544922
2013-09-09,73.39273071289062
2013-09-10,73.46527099609375
2013-09-11,73.60294342041016
2013-09-12,73.82766723632812
2013-09-13,73.88562774658203
2013-09-16,74.23350524902344
2013-09-17,74.51624298095703
2013-09-18,75.2555160522461
2013-09-19,75.19025421142578
2013-09-20,75.2555160522461
2013-09-23,75.37147521972656
2013-09-24,75.5816421508789
2013-09-25,75.66865539550781
2013-09-26,75.66139221191406
2013-09-27,75.66139221191406
2013-09-30,75.73383331298828
2013-10-01,75.60672760009766
2013-10-02,75.73748016357422
2013-10-03,75.69389343261719
2013-10-04,75.61396026611328
2013-10-07,75.57762908935547
2013-10-08,75.40325164794922
2013-10-09,75.35234832763672
2013-10-10,75.29421997070312
2013-10-11,75.11256408691406
2013-10-14,74.88734436035156
2013-10-15,74.75647735595703
2013-10-16,75.16346740722656
2013-10-17,75.45406341552734
2013-10-18,75.53404998779297
2013-10-21,75.46865844726562
2013-10-22,75.82470703125
2013-10-23,76.13711547851562
2013-10-24,76.39144897460938
2013-10-25,76.41325378417969
2013-10-28,76.52227020263672
2013-10-29,76.6094741821289
2013-10-30,76.5730972290039
2013-10-31,76.6530532836914
2013-11-01,76.3813247680664
2013-11-04,76.43956756591797
2013-11-05,76.3084487915039
2013-11-06,76.35948181152344
2013-11-07,76.53435516357422
2013-11-08,76.00970458984375
2013-11-11,76.08258056640625
2013-11-12,75.9878921508789
2013-11-13,76.06072235107422
2013-11-14,76.1918716430664
2013-11-15,76.25748443603516
2013-11-18,76.46145629882812
2013-11-19,76.3521728515625
2013-11-20,76.20643615722656
2013-11-21,76.1991958618164
2013-11-22,76.23558807373047
2013-11-25,76.2793197631836
2013-11-26,76.3084487915039
2013-11-27,76.3302993774414
2013-11-29,76.2939224243164
2013-12-02,76.04624938964844
2013-12-03,76.25077819824219
2013-12-04,75.9585952758789
2013-12-05,75.91476440429688
2013-12-06,75.9585952758789
2013-12-09,75.95127868652344
2013-12-10,76.1630859375
2013-12-11,76.07547760009766
2013-12-12,76.06086730957031
2013-12-13,76.09007263183594
2013-12-16,76.14120483398438
2013-12-17,76.2435073852539
2013-12-18,76.23615264892578
2013-12-19,76.097412109375
2013-12-20,76.07547760009766
2013-12-23,75.9074935913086
2013-12-24,75.9220962524414
2013-12-26,75.92578887939453
2013-12-27,75.86714935302734
2013-12-30,76.03559875488281
2013-12-31,75.97699737548828
2014-01-02,76.21870422363281
2014-01-03,76.22601318359375
2014-01-06,76.27000427246094
2014-01-07,76.40180969238281
2014-01-08,76.46039581298828
2014-01-09,76.75338745117188
2014-01-10,77.24401092529297
2014-01-13,77.26599884033203
2014-01-14,77.3245849609375
2014-01-15,77.30996704101562
2014-01-16,77.46370697021484
2014-01-17,77.62486267089844
2014-01-21,77.52232360839844
2014-01-22,77.44176483154297
2014-01-23,77.69812774658203
2014-01-24,77.8299331665039
2014-01-27,77.66149139404297
2014-01-28,77.74203491210938
2014-01-29,77.71273803710938
2014-01-30,77.85189819335938
2014-01-31,77.92511749267578
2014-02-03,78.01323699951172
2014-02-04,77.75626373291016
2014-02-05,77.67545318603516
2014-02-06,77.74893951416016
2014-02-07,77.92512512207031
2014-02-10,77.99859619140625
2014-02-11,78.08666229248047
2014-02-12,77.9692153930664
2014-02-13,77.96184539794922
2014-02-14,77.87374114990234
2014-02-18,77.77825927734375
2014-02-19,77.91046142578125
2014-02-20,77.91046142578125
2014-02-21,77.98380279541016
2014-02-24,78.07200622558594
2014-02-25,78.2262191772461
2014-02-26,78.32897186279297
2014-02-27,78.55658721923828
2014-02-28,78.74015045166016
2014-03-03,78.85858917236328
2014-03-04,78.74829864501953
2014-03-05,78.6010513305664
2014-03-06,78.5053482055664
2014-03-07,78.11518859863281
2014-03-10,78.2771224975586
2014-03-11,78.35075378417969
2014-03-12,78.56420135498047
2014-03-13,78.7335205078125
2014-03-14,78.7629623413086
2014-03-17,78.92491149902344
2014-03-18,78.86602783203125
2014-03-19,78.51271057128906
2014-03-20,78.5053482055664
2014-03-21,78.56420135498047
2014-03-24,78.4832534790039
2014-03-25,78.38017272949219
2014-03-26,78.63783264160156
2014-03-27,78.79978942871094
2014-03-28,78.7629623413086
2014-03-31,78.80713653564453
2014-04-01,78.64995574951172
2014-04-02,78.576171875
2014-04-03,78.67211151123047
2014-04-04,78.93035888671875
2014-04-07,79.06320190429688
2014-04-08,79.0853042602539
2014-04-09,78.96726989746094
2014-04-10,79.29928588867188
2014-04-11,79.5428237915039
2014-04-14,79.4616470336914
2014-04-15,79.55757904052734
2014-04-16,79.52803802490234
2014-04-17,79.34353637695312
2014-04-21,79.47638702392578
2014-04-22,79.49853515625
2014-04-23,79.55757904052734
2014-04-24,79.65343475341797
2014-04-25,79.77154541015625
2014-04-28,79.74946594238281
2014-04-29,79.68302917480469
2014-04-30,79.78631591796875
2014-05-01,79.91942596435547
2014-05-02,79.84546661376953
2014-05-05,79.8824691772461
2014-05-06,79.97859954833984
2014-05-07,79.99339294433594
2014-05-08,80.17828369140625
2014-05-09,80.21529388427734
2014-05-12,80.20787811279297
2014-05-13,80.25225830078125
2014-05-14,80.48155975341797
2014-05-15,80.71826934814453
2014-05-16,80.60734558105469
2014-05-19,80.57030487060547
2014-05-20,80.60734558105469
2014-05-21,80.51116180419922
2014-05-22,80.54075622558594
2014-05-23,80.57030487060547
2014-05-27,80.58511352539062
2014-05-28,80.73301696777344
2014-05-29,80.76268005371094
2014-05-30,80.68126678466797
2014-06-02,80.52702331542969
2014-06-03,80.36399841308594
2014-06-04,80.23053741455078
2014-06-05,80.34174346923828
2014-06-06,80.31953430175781
2014-06-09,80.2453842163086
2014-06-10,80.02294158935547
2014-06-11,80.0970687866211
2014-06-12,80.19349670410156
2014-06-13,80.0673828125
2014-06-16,80.0155029296875
2014-06-17,80.000732421875
2014-06-18,80.2527847290039
2014-06-19,80.17120361328125
2014-06-20,80.0970687866211
2014-06-23,80.2082748413086
2014-06-24,80.17859649658203
2014-06-25,80.50482940673828
2014-06-26,80.65312194824219
2014-06-27,80.5789794921875
2014-06-30,80.54931640625
2014-07-01,80.5336685180664
2014-07-02,80.1770248413086
2014-07-03,80.1993179321289
2014-07-07,80.13984680175781
2014-07-08,80.2588119506836
2014-07-09,80.28108215332031
2014-07-10,80.38508605957031
2014-07-11,80.3553695678711
2014-07-14,80.28850555419922
2014-07-15,80.39998626708984
2014-07-16,80.59317779541016
2014-07-17,80.73431396484375
2014-07-18,80.71946716308594
2014-07-21,80.82349395751953
2014-07-22,80.90521240234375
2014-07-23,81.02412414550781
2014-07-24,80.89035034179688
2014-07-25,81.04639434814453
2014-07-28,81.07614135742188
2014-07-29,81.1355972290039
2014-07-30,80.80860900878906
2014-07-31,80.91265106201172
2014-08-01,81.20538330078125
2014-08-04,80.93722534179688
2014-08-05,80.87767028808594
2014-08-06,81.12345886230469
2014-08-07,81.22771453857422
2014-08-08,81.29473114013672
2014-08-11,81.24260711669922
2014-08-12,81.30221557617188
2014-08-13,81.33201599121094
2014-08-14,81.39899444580078
2014-08-15,81.51078033447266
2014-08-18,81.5479507446289
2014-08-19,81.34689331054688
2014-08-20,81.46602630615234
2014-08-21,81.5777587890625
2014-08-22,81.5852279663086
2014-08-25,81.61505126953125
2014-08-26,81.68949890136719
2014-08-27,81.77883911132812
2014-08-28,81.85327911376953
2014-08-29,81.93529510498047
2014-09-02,81.757568359375
2014-09-03,81.71278381347656
2014-09-04,81.61576080322266
2014-09-05,81.67548370361328
2014-09-08,81.67548370361328
2014-09-09,81.60083770751953
2014-09-10,81.45903015136719
2014-09-11,81.51126861572266
2014-09-12,81.34703826904297
2014-09-15,81.47393798828125
2014-09-16,81.40677642822266
2014-09-17,81.45903015136719
2014-09-18,81.54859924316406
2014-09-19,81.63070678710938
2014-09-22,81.6904525756836
2014-09-23,81.757568359375
2014-09-24,81.66806030273438
2014-09-25,81.95919036865234
2014-09-26,81.757568359375
2014-09-29,81.8397445678711
2014-09-30,81.86956787109375
2014-10-01,82.15386962890625
2014-10-02,82.056640625
2014-10-03,82.11654663085938
2014-10-06,82.08656311035156
2014-10-07,82.2661361694336
2014-10-08,82.32601165771484
2014-10-09,82.40830993652344
2014-10-10,82.46809387207031
2014-10-13,82.81234741210938
2014-10-14,82.90213012695312
2014-10-15,83.08914184570312
2014-10-16,82.79733276367188
2014-10-17,82.69261169433594
2014-10-20,82.59537506103516
2014-10-21,82.40830993652344
2014-10-22,82.40830993652344
2014-10-23,82.1838150024414
2014-10-24,82.29605102539062
2014-10-27,82.27362823486328
2014-10-28,82.27362823486328
2014-10-29,82.34098052978516
2014-10-30,82.42329406738281
2014-10-31,82.31851196289062
2014-11-03,82.19776916503906
2014-11-04,82.10028076171875
2014-11-05,82.04784393310547
2014-11-06,81.94285583496094
2014-11-07,82.13031005859375
2014-11-10,82.08531188964844
2014-11-11,82.14530944824219
2014-11-12,82.14530944824219
2014-11-13,82.14530944824219
2014-11-14,82.16781616210938
2014-11-17,82.04784393310547
2014-11-18,82.04784393310547
2014-11-19,81.92037200927734
2014-11-20,82.07780456542969
2014-11-21,82.1378173828125
2014-11-24,82.16781616210938
2014-11-25,82.18282318115234
2014-11-26,82.31025695800781
2014-11-28,82.41523742675781
2014-12-01,82.38742065429688
2014-12-02,82.35736083984375
2014-12-03,82.46257019042969
2014-12-04,82.5151596069336
2014-12-05,82.44003295898438
2014-12-08,82.46257019042969
2014-12-09,82.64295959472656
2014-12-10,82.77072143554688
2014-12-11,82.69558715820312
2014-12-12,82.8608627319336
2014-12-15,82.71054077148438
2014-12-16,82.83832550048828
2014-12-17,82.65796661376953
2014-12-18,82.64295959472656
2014-12-19,82.69558715820312
2014-12-22,82.67302703857422
2014-12-23,82.6805191040039
2014-12-24,82.68278503417969
2014-12-26,82.7280044555664
2014-12-29,82.91624450683594
2014-12-30,82.94630432128906
2014-12-31,83.0818862915039
2015-01-02,82.87100982666016
2015-01-05,83.05171203613281
2015-01-06,83.28514862060547
2015-01-07,83.48845672607422
2015-01-08,83.45084381103516
2015-01-09,83.60140991210938
2015-01-12,83.6993179321289
2015-01-13,83.72942352294922
2015-01-14,83.94024658203125
2015-01-15,84.11338806152344
2015-01-16,83.97035217285156
2015-01-20,84.07577514648438
2015-01-21,83.87248992919922
2015-01-22,83.84233856201172
2015-01-23,84.11338806152344
2015-01-26,83.98540496826172
2015-01-27,84.09835815429688
2015-01-28,84.3016357421875
2015-01-29,84.25646209716797
2015-01-30,84.40705871582031
2015-02-02,84.34139251708984
2015-02-03,84.04710388183594
2015-02-04,84.09236907958984
2015-02-05,83.94904327392578
2015-02-06,83.6019058227539
2015-02-09,83.47364807128906
2015-02-10,83.25479125976562
2015-02-11,83.08878326416016
2015-02-12,83.06612396240234
2015-02-13,82.96807098388672
2015-02-17,82.89259338378906
2015-02-18,83.08126068115234
2015-02-19,82.9755859375
2015-02-20,83.06612396240234
2015-02-23,83.23971557617188
2015-02-24,83.39061737060547
2015-02-25,83.36800384521484
2015-02-26,83.19446563720703
2015-02-27,83.45852661132812
2015-03-02,83.13336944580078
2015-03-03,83.02745056152344
2015-03-04,83.17874908447266
2015-03-05,83.09556579589844
2015-03-06,82.30149841308594
2015-03-09,82.58129119873047
2015-03-10,82.8989486694336
2015-03-11,82.7779312133789
2015-03-12,83.01993560791016
2015-03-13,83.01993560791016
2015-03-16,83.05015563964844
2015-03-17,83.09556579589844
2015-03-18,83.59468078613281
2015-03-19,83.56441497802734
2015-03-20,83.541748046875
2015-03-23,83.64762115478516
2015-03-24,83.77619934082031
2015-03-25,83.6249008178711
2015-03-26,83.54926300048828
2015-03-27,83.63249969482422
2015-03-30,83.54926300048828
2015-03-31,83.6399917602539
2015-04-01,83.68323516845703
2015-04-02,83.5544204711914
2015-04-06,83.54684448242188
2015-04-07,83.64533233642578
2015-04-08,83.62261962890625
2015-04-09,83.54684448242188
2015-04-10,83.50133514404297
2015-04-13,83.53166961669922
2015-04-14,83.49378204345703
2015-04-15,83.58468627929688
2015-04-16,83.54684448242188
2015-04-17,83.60747528076172
2015-04-20,83.53924560546875
2015-04-21,83.4862060546875
2015-04-22,83.35737609863281
2015-04-23,83.31949615478516
2015-04-24,83.425537109375
2015-04-27,83.36492919921875
2015-04-28,83.28913879394531
2015-04-29,83.15276336669922
2015-04-30,83.04661560058594
2015-05-01,82.88333892822266
2015-05-04,82.89096069335938
2015-05-05,82.83015441894531
2015-05-06,82.5263442993164
2015-05-07,82.73906707763672
2015-05-08,82.71623229980469
2015-05-11,82.4276351928711
2015-05-12,82.57193756103516
2015-05-13,82.4276351928711
2015-05-14,82.53399658203125
2015-05-15,82.57953643798828
2015-05-18,82.3061294555664
2015-05-19,82.21501922607422
2015-05-20,82.22257232666016
2015-05-21,82.4808349609375
2015-05-22,82.34410095214844
2015-05-26,82.46562957763672
2015-05-27,82.5263442993164
2015-05-28,82.5188217163086
2015-05-29,82.64031219482422
2015-06-01,82.5329818725586
2015-06-02,82.2437744140625
2015-06-03,82.1677017211914
2015-06-04,82.33509826660156
2015-06-05,82.11441802978516
2015-06-08,82.10675811767578
2015-06-09,81.92410278320312
2015-06-10,81.94696807861328
2015-06-11,82.14484405517578
2015-06-12,82.26654815673828
2015-06-15,82.29705810546875
2015-06-16,82.44163513183594
2015-06-17,82.41886138916016
2015-06-18,82.39598846435547
2015-06-19,82.54061126708984
2015-06-22,82.2894515991211
2015-06-23,82.26654815673828
2015-06-24,82.48729705810547
2015-06-25,82.39598846435547
2015-06-26,82.29705810546875
2015-06-29,82.64716339111328
2015-06-30,82.35795593261719
2015-07-01,82.3678207397461
2015-07-02,82.48987579345703
2015-07-06,82.61954498291016
2015-07-07,82.60429382324219
2015-07-08,82.90938568115234
2015-07-09,82.77970886230469
2015-07-10,82.6882095336914
2015-07-13,82.65005493164062
2015-07-14,82.72630310058594
2015-07-15,82.68060302734375
2015-07-16,82.74919891357422
2015-07-17,82.8941879272461
2015-07-20,82.90938568115234
2015-07-21,82.97801208496094
2015-07-22,83.0390396118164
2015-07-23,83.1381607055664
2015-07-24,83.20682525634766
2015-07-27,83.2679214477539
2015-07-28,83.19161987304688
2015-07-29,83.10771942138672
2015-07-30,83.11536407470703
2015-07-31,83.28312683105469
2015-08-03,83.39009857177734
2015-08-04,83.21435546875
2015-08-05,83.17619323730469
2015-08-06,83.21435546875
2015-08-07,83.2296371459961
2015-08-10,83.01559448242188
2015-08-11,83.3824691772461
2015-08-12,83.16852569580078
2015-08-13,83.25257873535156
2015-08-14,83.26025390625
2015-08-17,83.26788330078125
2015-08-18,83.14556884765625
2015-08-19,83.33663177490234
2015-08-20,83.31368255615234
2015-08-21,83.49716186523438
2015-08-24,83.24488830566406
2015-08-25,83.10733032226562
2015-08-26,83.03092193603516
2015-08-27,83.23725891113281
2015-08-28,83.25257873535156
2015-08-31,83.1914291381836
2015-09-01,83.4503173828125
2015-09-02,83.32772827148438
2015-09-03,83.39664459228516
2015-09-04,83.48858642578125
2015-09-08,83.25881958007812
2015-09-09,83.27413177490234
2015-09-10,83.1822509765625
2015-09-11,83.21287536621094
2015-09-14,83.1822509765625
2015-09-15,82.86050415039062
2015-09-16,82.86819458007812
2015-09-17,83.25881958007812
2015-09-18,83.4503173828125
2015-09-21,83.3584213256836
2015-09-22,83.58816528320312
2015-09-23,83.57288360595703
2015-09-24,83.60350799560547
2015-09-25,83.56517028808594
2015-09-28,83.78731536865234
2015-09-29,83.93285369873047
2015-09-30,83.90988159179688
2015-10-01,83.8968505859375
2015-10-02,84.17316436767578
2015-10-05,84.04267883300781
2015-10-06,84.09638977050781
2015-10-07,83.98894500732422
2015-10-08,83.90449523925781
2015-10-09,83.9122085571289
2015-10-12,84.06571197509766
2015-10-13,84.0119400024414
2015-10-14,84.12711334228516
2015-10-15,83.99662017822266
2015-10-16,84.01961517333984
2015-10-19,84.08873748779297
2015-10-20,84.06571197509766
2015-10-21,84.16546630859375
2015-10-22,84.18851470947266
2015-10-23,84.06571197509766
2015-10-26,84.1501235961914
2015-10-27,84.21924591064453
2015-10-28,84.11943817138672
2015-10-29,84.05804443359375
2015-10-30,84.2115478515625
2015-11-02,84.16156005859375
2015-11-03,84.03075408935547
2015-11-04,84.06156921386719
2015-11-05,84.0538330078125
2015-11-06,83.76924133300781
2015-11-09,83.71540069580078
2015-11-10,83.76161193847656
2015-11-11,83.80004119873047
2015-11-12,83.86930084228516
2015-11-13,83.95384979248047
2015-11-16,83.90769958496094
2015-11-17,84.06156921386719
2015-11-18,84.21538543701172
2015-11-19,84.36149597167969
2015-11-20,84.37687683105469
2015-11-23,84.45384979248047
2015-11-24,84.51536560058594
2015-11-25,84.5615234375
2015-11-27,84.57693481445312
2015-11-30,84.6307144165039
2015-12-01,84.74324035644531
2015-12-02,84.78180694580078
2015-12-03,84.51200866699219
2015-12-04,84.65076446533203
2015-12-07,84.735595703125
2015-12-08,84.78952026367188
2015-12-09,84.88199615478516
2015-12-10,84.92051696777344
2015-12-11,85.07466125488281
2015-12-14,84.87425231933594
2015-12-15,84.78952026367188
2015-12-16,84.79724884033203
2015-12-17,85.05152893066406
2015-12-18,85.2056655883789
2015-12-21,85.24427032470703
2015-12-22,85.22115325927734
2015-12-23,85.25965118408203
2015-12-24,85.24885559082031
2015-12-28,85.28746795654297
2015-12-29,85.31061553955078
2015-12-30,85.36466217041016
2015-12-31,85.49591827392578
2016-01-04,85.31061553955078
2016-01-05,85.41102600097656
2016-01-06,85.78939819335938
2016-01-07,85.9129867553711
2016-01-08,85.95162200927734
2016-01-11,85.8126220703125
2016-01-12,85.84346771240234
2016-01-13,85.88208770751953
2016-01-14,85.72767639160156
2016-01-15,85.99022674560547
2016-01-19,85.98249053955078
2016-01-20,86.11377716064453
2016-01-21,86.0596923828125
2016-01-22,85.95162200927734
2016-01-25,85.99790954589844
2016-01-26,85.97476196289062
2016-01-27,86.0210952758789
2016-01-28,86.03656768798828
2016-01-29,86.15238952636719
2016-02-01,85.95428466796875
2016-02-02,86.17867279052734
2016-02-03,86.2560806274414
2016-02-04,86.32569122314453
2016-02-05,86.3953857421875
2016-02-08,86.61980438232422
2016-02-09,86.6274642944336
2016-02-10,86.65068817138672
2016-02-11,86.78223419189453
2016-02-12,86.5656509399414
2016-02-16,86.61204528808594
2016-02-17,86.4959487915039
2016-02-18,86.48822021484375
2016-02-19,86.42633056640625
2016-02-22,86.34119415283203
2016-02-23,86.37216186523438
2016-02-24,86.2560806274414
2016-02-25,86.31798553466797
2016-02-26,86.17867279052734
2016-02-29,86.17093658447266
2016-03-01,86.0089340209961
2016-03-02,85.91592407226562
2016-03-03,85.97013092041016
2016-03-04,85.81510925292969
2016-03-07,85.8384017944336
2016-03-08,85.91592407226562
2016-03-09,85.89266204833984
2016-03-10,85.94692993164062
2016-03-11,85.87714385986328
2016-03-14,85.93917083740234
2016-03-15,85.92363739013672
2016-03-16,85.95467376708984
2016-03-17,86.06318664550781
2016-03-18,86.09420776367188
2016-03-21,86.10968780517578
2016-03-22,86.1252212524414
2016-03-23,86.21051788330078
2016-03-24,86.10196685791016
2016-03-28,86.2027359008789
2016-03-29,86.31900024414062
2016-03-30,86.41204833984375
2016-03-31,86.55160522460938
2016-04-01,86.49102783203125
2016-04-04,86.63856506347656
2016-04-05,86.73950958251953
2016-04-06,86.78604888916016
2016-04-07,87.08110809326172
2016-04-08,87.09664916992188
2016-04-11,87.08110809326172
2016-04-12,87.04227447509766
2016-04-13,87.09664916992188
2016-04-14,87.08110809326172
2016-04-15,87.16651916503906
2016-04-18,87.20531463623047
2016-04-19,87.14321899414062
2016-04-20,87.05010223388672
2016-04-21,87.07335662841797
2016-04-22,87.00347137451172
2016-04-25,86.97241973876953
2016-04-26,86.96466064453125
2016-04-27,86.99569702148438
2016-04-28,87.09664916992188
2016-04-29,87.12767791748047
2016-05-02,87.09660339355469
2016-05-03,87.34551239013672
2016-05-04,87.36100769042969
2016-05-05,87.41551971435547
2016-05-06,87.39222717285156
2016-05-09,87.47777557373047
2016-05-10,87.49334716796875
2016-05-11,87.56329345703125
2016-05-12,87.64108276367188
2016-05-13,87.7266845703125
2016-05-16,87.59444427490234
2016-05-17,87.76559448242188
2016-05-18,87.53215789794922
2016-05-19,87.51664733886719
2016-05-20,87.4466552734375
2016-05-23,87.48551177978516
2016-05-24,87.38441467285156
2016-05-25,87.36884307861328
2016-05-26,87.4077377319336
2016-05-27,87.29883575439453
2016-05-31,87.36884307861328
2016-06-01,87.37269592285156
2016-06-02,87.48182678222656
2016-06-03,87.59092712402344
2016-06-06,87.59092712402344
2016-06-07,87.64547729492188
2016-06-08,87.739013671875
2016-06-09,87.88710021972656
2016-06-10,88.03512573242188
2016-06-13,88.08967590332031
2016-06-14,88.2377700805664
2016-06-15,88.28450012207031
2016-06-16,88.4169692993164
2016-06-17,88.43257904052734
2016-06-20,88.25335693359375
2016-06-21,88.22216796875
2016-06-22,88.19097137451172
2016-06-23,87.9805908203125
2016-06-24,88.6351318359375
2016-06-27,88.91572570800781
2016-06-28,88.91572570800781
2016-06-29,88.68972778320312
2016-06-30,88.77545928955078
2016-07-01,88.87067413330078
2016-07-05,89.01900482177734
2016-07-06,89.06584930419922
2016-07-07,89.93245697021484
2016-07-08,88.98783111572266
2016-07-11,88.8551025390625
2016-07-12,88.75358581542969
2016-07-13,88.73798370361328
2016-07-14,88.6364974975586
2016-07-15,88.54277801513672
2016-07-18,88.51935577392578
2016-07-19,88.53496551513672
2016-07-20,88.47248840332031
2016-07-21,88.48816680908203
2016-07-22,88.45691680908203
2016-07-25,88.41004943847656
2016-07-26,88.46470642089844
2016-07-27,88.57402801513672
2016-07-28,88.61305236816406
2016-07-29,88.73798370361328
2016-08-01,88.5596694946289
2016-08-02,88.50489807128906
2016-08-03,88.52838134765625
2016-08-04,88.64566040039062
2016-08-05,88.47361755371094
2016-08-08,88.50489807128906
2016-08-09,88.57527923583984
2016-08-10,88.6222152709961
2016-08-11,88.5596694946289
2016-08-12,88.73953247070312
2016-08-15,88.63788604736328
2016-08-16,88.70040893554688
2016-08-17,88.73170471191406
2016-08-18,88.86468505859375
2016-08-19,88.7864761352539
2016-08-22,88.91943359375
2016-08-23,88.88814544677734
2016-08-24,88.86468505859375
2016-08-25,88.86468505859375
2016-08-26,88.79426574707031
2016-08-29,88.91159057617188
2016-08-30,88.87250518798828
2016-08-31,88.84905242919922
2016-09-01,88.81139373779297
2016-09-02,88.7017822265625
2016-09-06,88.78007507324219
2016-09-07,88.78007507324219
2016-09-08,88.66255187988281
2016-09-09,88.50584411621094
2016-09-12,88.43531799316406
2016-09-13,88.25508117675781
2016-09-14,88.21593475341797
2016-09-15,88.21593475341797
2016-09-16,88.2394027709961
2016-09-19,88.15321350097656
2016-09-20,88.22373962402344
2016-09-21,88.20023345947266
2016-09-22,88.3177719116211
2016-09-23,88.3021240234375
2016-09-26,88.33342742919922
2016-09-27,88.44315338134766
2016-09-28,88.45880889892578
2016-09-29,88.45095825195312
2016-09-30,88.3490982055664
2016-10-03,88.30590057373047
2016-10-04,88.1253890991211
2016-10-05,87.96842956542969
2016-10-06,87.88993072509766
2016-10-07,87.90557861328125
2016-10-10,87.81134796142578
2016-10-11,87.7171859741211
2016-10-12,87.61511993408203
2016-10-13,87.57591247558594
2016-10-14,87.45811462402344
2016-10-17,87.48954772949219
2016-10-18,87.47379302978516
2016-10-19,87.45030212402344
2016-10-20,87.56802368164062
2016-10-21,87.57591247558594
2016-10-24,87.41888427734375
2016-10-25,87.55235290527344
2016-10-26,87.48954772949219
2016-10-27,87.34037017822266
2016-10-28,87.43461608886719
2016-10-31,87.49735260009766
2016-11-01,87.4093017578125
2016-11-02,87.59017944335938
2016-11-03,87.62161254882812
2016-11-04,87.66098022460938
2016-11-07,87.59017944335938
2016-11-08,87.55086517333984
2016-11-09,86.82734680175781
2016-11-10,86.37126159667969
2016-11-11,86.20608520507812
2016-11-14,85.25453186035156
2016-11-15,85.569091796875
2016-11-16,85.37248992919922
2016-11-17,85.25453186035156
2016-11-18,85.25453186035156
2016-11-21,85.19947814941406
2016-11-22,85.01073455810547
2016-11-23,84.7119140625
2016-11-25,84.75911712646484
2016-11-28,84.65686798095703
2016-11-29,84.20075225830078
2016-11-30,83.90975952148438
2016-12-01,83.92475128173828
2016-12-02,84.13748168945312
2016-12-05,84.09017181396484
2016-12-06,84.58663177490234
2016-12-07,85.22488403320312
2016-12-08,85.13817596435547
2016-12-09,85.02789306640625
2016-12-12,84.86239624023438
2016-12-13,84.92546844482422
2016-12-14,84.78366088867188
2016-12-15,84.49994659423828
2016-12-16,84.55511474609375
2016-12-19,84.74425506591797
2016-12-20,84.77572631835938
2016-12-21,84.87028503417969
2016-12-22,84.9909896850586
2016-12-23,85.07780456542969
2016-12-27,85.05413818359375
2016-12-28,85.26713562011719
2016-12-29,85.40916442871094
2016-12-30,85.35393524169922
2017-01-03,85.2750244140625
2017-01-04,85.44859313964844
2017-01-05,85.61432647705078
2017-01-06,85.48809051513672
2017-01-09,85.70110321044922
2017-01-10,85.67745971679688
2017-01-11,85.93785095214844
2017-01-12,86.20606231689453
2017-01-13,86.12718200683594
2017-01-17,86.1823959350586
2017-01-18,85.9930419921875
2017-01-19,85.63796997070312
2017-01-20,85.47232055664062
2017-01-23,85.5669937133789
2017-01-24,85.4565200805664
2017-01-25,85.3223648071289
2017-01-26,85.3302993774414
2017-01-27,85.4565200805664
2017-01-30,85.4565200805664
2017-01-31,85.57490539550781
2017-02-01,85.44522857666016
2017-02-02,85.57173156738281
2017-02-03,85.54004669189453
2017-02-06,85.68238830566406
2017-02-07,85.74560546875
2017-02-08,85.91948699951172
2017-02-09,85.7139892578125
2017-02-10,85.7298355102539
2017-02-13,85.66657257080078
2017-02-14,85.4372787475586
2017-02-15,85.287109375
2017-02-16,85.5005874633789
2017-02-17,85.61121368408203
2017-02-21,85.61121368408203
2017-02-22,85.7298355102539
2017-02-23,85.80093383789062
2017-02-24,86.05391693115234
2017-02-27,85.9432144165039
2017-02-28,86.02228546142578
2017-03-01,85.73950958251953
2017-03-02,85.69993591308594
2017-03-03,85.59690856933594
2017-03-06,85.5730972290039
2017-03-07,85.55732727050781
2017-03-08,85.41474151611328
2017-03-09,85.25630950927734
2017-03-10,85.34342193603516
2017-03-13,85.34342193603516
2017-03-14,85.37512969970703
2017-03-15,85.6444320678711
2017-03-16,85.58900451660156
2017-03-17,85.63654327392578
2017-03-20,85.74742889404297
2017-03-21,85.94548034667969
2017-03-22,86.0484390258789
2017-03-23,86.11180114746094
2017-03-24,86.167236328125
2017-03-27,86.30191802978516
2017-03-28,86.24649047851562
2017-03-29,86.42074584960938
2017-03-30,86.27027893066406
2017-03-31,86.30191802978516
2017-04-03,86.35586547851562
2017-04-04,86.40350341796875
2017-04-05,86.48282623291016
2017-04-06,86.54635620117188
2017-04-07,86.60195922851562
2017-04-10,86.68128204345703
2017-04-11,86.80825805664062
2017-04-12,86.9510726928711
2017-04-13,87.01459503173828
2017-04-17,86.99871063232422
2017-04-18,87.26065826416016
2017-04-19,87.1971435546875
2017-04-20,87.09394073486328
2017-04-21,87.10984802246094
2017-04-24,86.90349578857422
2017-04-25,86.68920135498047
2017-04-26,86.75267791748047
2017-04-27,86.80030822753906
2017-04-28,86.76858520507812
2017-05-01,86.61195373535156
2017-05-02,86.7391357421875
2017-05-03,86.81074523925781
2017-05-04,86.7868881225586
2017-05-05,86.84254455566406
2017-05-08,86.8186264038086
2017-05-09,86.7789306640625
2017-05-10,86.86636352539062
2017-05-11,86.94588470458984
2017-05-12,87.08903503417969
2017-05-15,87.09696960449219
2017-05-16,87.20831298828125
2017-05-17,87.48663330078125
2017-05-18,87.5820541381836
2017-05-19,87.59795379638672
2017-05-22,87.62178802490234
2017-05-23,87.70928192138672
2017-05-24,87.7410888671875
2017-05-25,87.7569808959961
2017-05-26,87.8365249633789
2017-05-30,87.93194580078125
2017-05-31,88.09893798828125
2017-06-01,88.02403259277344
2017-06-02,88.24706268310547
2017-06-05,88.17540740966797
2017-06-06,88.34268188476562
2017-06-07,88.3347396850586
2017-06-08,88.23116302490234
2017-06-09,88.15149688720703
2017-06-12,88.13555908203125
2017-06-13,88.11164855957031
2017-06-14,88.23909759521484
2017-06-15,88.13555908203125
2017-06-16,88.19137573242188
2017-06-19,88.13555908203125
2017-06-20,88.20726013183594
2017-06-21,88.19930267333984
2017-06-22,88.23116302490234
2017-06-23,88.2789535522461
2017-06-26,88.31082916259766
2017-06-27,88.19930267333984
2017-06-28,88.0877685546875
2017-06-29,87.79298400878906
2017-06-30,87.72928619384766
2017-07-03,87.69096374511719
2017-07-05,87.79473114013672
2017-07-06,87.73885345458984
2017-07-07,87.68292236328125
2017-07-10,87.71488952636719
2017-07-11,87.74685668945312
2017-07-12,87.8745346069336
2017-07-13,87.8665771484375
2017-07-14,88.0900650024414
2017-07-17,88.09801483154297
2017-07-18,88.25768280029297
2017-07-19,88.3774185180664
2017-07-20,88.48119354248047
2017-07-21,88.54502868652344
2017-07-24,88.55300903320312
2017-07-25,88.42533111572266
2017-07-26,88.52108764648438
2017-07-27,88.44129180908203
2017-07-28,88.45721435546875
2017-07-31,88.49715423583984
2017-08-01,88.54114532470703
2017-08-02,88.58113098144531
2017-08-03,88.76502227783203
2017-08-04,88.6690902709961
2017-08-07,88.73303985595703
2017-08-08,88.67705535888672
2017-08-09,88.76502227783203
2017-08-10,88.9089584350586
2017-08-11,88.97297668457031
2017-08-14,88.9169692993164
2017-08-15,88.80498504638672
2017-08-16,88.82101440429688
2017-08-17,88.85301971435547
2017-08-18,88.8689956665039
2017-08-21,88.9089584350586
2017-08-22,88.88496398925781
2017-08-23,89.012939453125
2017-08-24,88.98892211914062
2017-08-25,89.012939453125
2017-08-28,89.0289535522461
2017-08-29,89.1489028930664
2017-08-30,89.14088439941406
2017-08-31,89.20484161376953
2017-09-01,89.11992645263672
2017-09-05,89.32024383544922
2017-09-06,89.29615783691406
2017-09-07,89.43238067626953
2017-09-08,89.4564208984375
2017-09-11,89.29615783691406
2017-09-12,89.24007415771484
2017-09-13,89.13597106933594
2017-09-14,89.13597106933594
2017-09-15,89.11192321777344
2017-09-18,89.0879135131836
2017-09-19,89.0879135131836
2017-09-20,88.91165161132812
2017-09-21,88.97572326660156
2017-09-22,89.0798568725586
2017-09-25,89.12794494628906
2017-09-26,89.10394287109375
2017-09-27,88.86355590820312
2017-09-28,88.83154296875
2017-09-29,88.82354736328125
2017-10-02,88.82272338867188
2017-10-03,88.8468246459961
2017-10-04,88.89496612548828
2017-10-05,88.89496612548828
2017-10-06,88.85482788085938
2017-10-09,88.92705535888672
2017-10-10,88.91903686523438
2017-10-11,88.9832763671875
2017-10-12,89.04743957519531
2017-10-13,89.12771606445312
2017-10-16,89.20801544189453
2017-10-17,89.32034301757812
2017-10-18,89.27223205566406
2017-10-19,89.29627227783203
2017-10-20,89.16787719726562
2017-10-23,89.1999740600586
2017-10-24,89.11166381835938
2017-10-25,88.89496612548828
2017-10-26,88.80668640136719
2017-10-27,88.82272338867188
2017-10-30,88.92705535888672
2017-10-31,88.9029541015625
2017-11-01,88.87322235107422
2017-11-02,88.92144012451172
2017-11-03,89.05013275146484
2017-11-06,89.1385726928711
2017-11-07,89.3637466430664
2017-11-08,89.38785552978516
2017-11-09,89.30742645263672
2017-11-10,89.05013275146484
2017-11-13,89.05013275146484
2017-11-14,89.00189208984375
2017-11-15,89.12248992919922
2017-11-16,89.03407287597656
2017-11-17,88.98583221435547
2017-11-20,88.89733123779297
2017-11-21,88.87322235107422
2017-11-22,88.72848510742188
2017-11-24,88.57569885253906
2017-11-27,88.5435562133789
2017-11-28,88.41487121582031
2017-11-29,88.2540283203125
2017-11-30,88.48725128173828
2017-12-01,88.74104309082031
2017-12-04,88.77327728271484
2017-12-05,89.11164093017578
2017-12-06,89.6273422241211
2017-12-07,89.54676055908203
2017-12-08,89.0794448852539
2017-12-11,88.97468566894531
2017-12-12,88.95050048828125
2017-12-13,89.26472473144531
2017-12-14,89.3292236328125
2017-12-15,89.2405776977539
2017-12-18,89.08751678466797
2017-12-19,88.81356048583984
2017-12-20,88.62018585205078
2017-12-21,88.7630844116211
2017-12-22,88.79532623291016
2017-12-26,88.93253326416016
2017-12-27,89.36033630371094
2017-12-28,89.33612823486328
2017-12-29,89.38457489013672
2018-01-02,89.26347351074219
2018-01-03,89.36843872070312
2018-01-04,89.18278503417969
2018-01-05,89.1747055053711
2018-01-08,89.18278503417969
2018-01-09,89.09395599365234
2018-01-10,88.92445373535156
2018-01-11,88.9567642211914
2018-01-12,88.82762908935547
2018-01-16,88.8518295288086
2018-01-17,88.90837097167969
2018-01-18,88.87604522705078
2018-01-19,88.81951141357422
2018-01-22,88.80342864990234
2018-01-23,88.78723907470703
2018-01-24,88.69845581054688
2018-01-25,88.78723907470703
2018-01-26,88.58547973632812
2018-01-29,88.31912231445312
2018-01-30,88.27876281738281
2018-01-31,88.3594970703125
2018-02-01,87.9971923828125
2018-02-02,87.8921127319336
2018-02-05,87.80315399169922
2018-02-06,88.01335144042969
2018-02-07,87.85972595214844
2018-02-08,87.86780548095703
2018-02-09,87.83544158935547
2018-02-12,87.85972595214844
2018-02-13,87.88400268554688
2018-02-14,87.64144134521484
2018-02-15,87.75457000732422
2018-02-16,87.84353637695312
2018-02-20,87.76270294189453
2018-02-21,87.57669830322266
2018-02-22,87.64144134521484
2018-02-23,87.83544158935547
2018-02-26,87.75457000732422
2018-02-27,87.7384262084961
2018-02-28,87.82737731933594
2018-03-01,88.07453918457031
2018-03-02,87.81526947021484
2018-03-05,87.83953094482422
2018-03-06,87.77470397949219
2018-03-07,87.90432739257812
2018-03-08,87.96110534667969
2018-03-09,87.77470397949219
2018-03-12,87.69367980957031
2018-03-13,87.81526947021484
2018-03-14,87.86386108398438
2018-03-15,87.84765625
2018-03-16,87.92054748535156
2018-03-19,87.8962631225586
2018-03-20,87.81526947021484
2018-03-21,87.81526947021484
2018-03-22,88.0583267211914
2018-03-23,87.9773178100586
2018-03-26,87.91246032714844
2018-03-27,88.114990234375
2018-03-28,88.24465942382812
2018-03-29,88.26085662841797
2018-04-02,88.20242309570312
2018-04-03,88.07250213623047
2018-04-04,88.08065032958984
2018-04-05,87.93452453613281
2018-04-06,88.11312866210938
2018-04-09,88.08065032958984
2018-04-10,88.07250213623047
2018-04-11,88.11312866210938
2018-04-12,87.99134826660156
2018-04-13,88.05630493164062
2018-04-16,87.99948120117188
2018-04-17,88.11312866210938
2018-04-18,88.0319595336914
2018-04-19,87.8614501953125
2018-04-20,87.81278228759766
2018-04-23,87.73158264160156
2018-04-24,87.62604522705078
2018-04-25,87.34192657470703
2018-04-26,87.51239013671875
2018-04-27,87.60165405273438
2018-04-30,87.65038299560547
2018-05-01,87.67314147949219
2018-05-02,87.80331420898438
2018-05-03,87.99846649169922
2018-05-04,88.04736328125
2018-05-07,88.06356811523438
2018-05-08,88.08795166015625
2018-05-09,88.08795166015625
2018-05-10,88.16117095947266
2018-05-11,88.27507781982422
2018-05-14,88.25064849853516
2018-05-15,88.00666046142578
2018-05-16,87.98226165771484
2018-05-17,87.94971466064453
2018-05-18,88.079833984375
2018-05-21,88.079833984375
2018-05-22,88.11237335205078
2018-05-23,88.30757141113281
2018-05-24,88.47026824951172
2018-05-25,88.53533172607422
2018-05-29,88.89320373535156
2018-05-30,88.6817626953125
2018-05-31,88.74681854248047
2018-06-01,88.59194946289062
2018-06-04,88.55123901367188
2018-06-05,88.72238159179688
2018-06-06,88.58380889892578
2018-06-07,88.72238159179688
2018-06-08,88.69794464111328
2018-06-11,88.6408920288086
2018-06-12,88.63272094726562
2018-06-13,88.5593490600586
2018-06-14,88.68159484863281
2018-06-15,88.67343139648438
2018-06-18,88.6897201538086
2018-06-19,88.77943420410156
2018-06-20,88.73867797851562
2018-06-21,88.85272216796875
2018-06-22,88.76310729980469
2018-06-25,88.79570770263672
2018-06-26,88.77943420410156
2018-06-27,88.90983581542969
2018-06-28,88.82830047607422
2018-06-29,88.86907196044922
2018-07-02,88.8388442993164
2018-07-03,89.02667999267578
2018-07-05,88.96954345703125
2018-07-06,89.02667999267578
2018-07-09,88.96954345703125
2018-07-10,89.0103759765625
2018-07-11,89.14105224609375
2018-07-12,89.15737915039062
2018-07-13,89.23905944824219
2018-07-16,89.181884765625
2018-07-17,89.19824981689453
2018-07-18,89.24724578857422
2018-07-19,89.35340881347656
2018-07-20,89.2145767211914
2018-07-23,89.05936431884766
2018-07-24,89.0103759765625
2018-07-25,89.03486633300781
2018-07-26,89.04302978515625
2018-07-27,89.01853942871094
2018-07-30,88.95318603515625
2018-07-31,89.002197265625
2018-08-01,88.86225128173828
2018-08-02,88.95227813720703
2018-08-03,88.99319458007812
2018-08-06,89.01774597167969
2018-08-07,88.89497375488281
2018-08-08,88.94407653808594
2018-08-09,88.9686279296875
2018-08-10,89.09142303466797
2018-08-13,89.08322143554688
2018-08-14,89.07506561279297
2018-08-15,89.19779205322266
2018-08-16,89.19779205322266
2018-08-17,89.18962860107422
2018-08-20,89.2469482421875
2018-08-21,89.16510009765625
2018-08-22,89.26325988769531
2018-08-23,89.21417236328125
2018-08-24,89.23055267333984
2018-08-27,89.19779205322266
2018-08-28,89.1323471069336
2018-08-29,89.15690612792969
2018-08-30,89.15690612792969
2018-08-31,89.14054107666016
2018-09-04,89.00025939941406
2018-09-05,89.02490234375
2018-09-06,89.0330581665039
2018-09-07,88.76240539550781
2018-09-10,88.7787857055664
2018-09-11,88.6885757446289
2018-09-12,88.7296371459961
2018-09-13,88.74597930908203
2018-09-14,88.63119506835938
2018-09-17,88.6065673828125
2018-09-18,88.49175262451172
2018-09-19,88.38512420654297
2018-09-20,88.43435668945312
2018-09-21,88.45073699951172
2018-09-24,88.39329528808594
2018-09-25,88.33592224121094
2018-09-26,88.46715545654297
2018-09-27,88.59014892578125
2018-09-28,88.53279113769531
2018-10-01,88.5055923461914
2018-10-02,88.59603881835938
2018-10-03,88.22615814208984
2018-10-04,88.10285186767578
2018-10-05,88.04531860351562
2018-10-08,87.99593353271484
2018-10-09,87.90559387207031
2018-10-10,87.8726806640625
2018-10-11,87.96310424804688
2018-10-12,87.86444091796875
2018-10-15,87.91378021240234
2018-10-16,87.95488739013672
2018-10-17,87.81513977050781
2018-10-18,87.98779296875
2018-10-19,87.9384536743164
2018-10-22,87.9466552734375
2018-10-23,88.90022277832031
2018-10-24,88.21791076660156
2018-10-25,88.18507385253906
2018-10-26,88.22615814208984
2018-10-29,88.28369903564453
2018-10-30,88.18507385253906
2018-10-31,88.0370864868164
2018-11-01,88.00989532470703
2018-11-02,87.8286361694336
2018-11-05,87.80391693115234
2018-11-06,87.68035125732422
2018-11-07,87.93573760986328
2018-11-08,87.91924285888672
2018-11-09,88.0758056640625
2018-11-12,88.16645050048828
2018-11-13,88.17463684082031
2018-11-14,88.29003143310547
2018-11-15,88.34764862060547
2018-11-16,88.45478820800781
2018-11-19,88.4630355834961
2018-11-20,88.57012939453125
2018-11-21,88.55365753173828
2018-11-23,88.6361083984375
2018-11-26,88.6031265258789
2018-11-27,88.64431762695312
2018-11-28,88.7431869506836
2018-11-29,88.82556915283203
2018-11-30,89.01505279541016
2018-12-03,89.05720520019531
2018-12-04,89.37090301513672
2018-12-06,89.53607177734375
2018-12-07,89.6764144897461
2018-12-10,89.64339447021484
2018-12-11,89.55257415771484
2018-12-12,89.49475860595703
2018-12-13,89.50304412841797
2018-12-14,89.4782485961914
2018-12-17,89.5195541381836
2018-12-18,89.67675018310547
2018-12-19,89.87530517578125
2018-12-20,89.90015411376953
2018-12-21,89.93319702148438
2018-12-24,90.0821533203125
2018-12-26,89.87530517578125
2018-12-27,90.06558990478516
2018-12-28,90.13179779052734
2018-12-31,90.21454620361328
2019-01-02,90.18970489501953
2019-01-03,90.44617462158203
2019-01-04,90.20623016357422
2019-01-07,90.197998046875
2019-01-08,90.13179779052734
2019-01-09,90.032470703125
2019-01-10,90.11524200439453
2019-01-11,90.12349700927734
2019-01-14,90.18970489501953
2019-01-15,90.197998046875
2019-01-16,90.26417541503906
2019-01-17,90.26417541503906
2019-01-18,90.15658569335938
2019-01-22,90.15658569335938
2019-01-23,90.16486358642578
2019-01-24,90.16486358642578
2019-01-25,90.16486358642578
2019-01-28,90.15658569335938
2019-01-29,90.28070068359375
2019-01-30,90.3552017211914
2019-01-31,90.55374145507812
2019-02-01,90.4409408569336
2019-02-04,90.45759582519531
2019-02-05,90.46586608886719
2019-02-06,90.52394104003906
2019-02-07,90.68970489501953
2019-02-08,90.7891845703125
2019-02-11,90.79750061035156
2019-02-12,90.88041687011719
2019-02-13,90.77261352539062
2019-02-14,90.95502471923828
2019-02-15,90.8886947631836
2019-02-19,90.99646759033203
2019-02-20,91.04627227783203
2019-02-21,90.94678497314453
2019-02-22,91.07937622070312
2019-02-25,91.0130844116211
2019-02-26,91.22035217285156
2019-02-27,91.06282806396484
2019-02-28,91.04627227783203
2019-03-01,91.06034088134766
2019-03-04,91.1268539428711
2019-03-05,91.15177154541016
2019-03-06,91.24317169189453
2019-03-07,91.4260025024414
2019-03-08,91.45094299316406
2019-03-11,91.41771697998047
2019-03-12,91.52570343017578
2019-03-13,91.5091323852539
2019-03-14,91.43431854248047
2019-03-15,91.55064392089844
2019-03-18,91.55064392089844
2019-03-19,91.60051727294922
2019-03-20,91.7334976196289
2019-03-21,91.85810852050781
2019-03-22,92.24040985107422
2019-03-25,92.30684661865234
2019-03-26,92.37332916259766
2019-03-27,92.48138427734375
2019-03-28,92.5395278930664
2019-03-29,92.39823913574219
2019-04-01,92.22756958007812
2019-04-02,92.30247497558594
2019-04-03,92.17759704589844
2019-04-04,92.1692886352539
2019-04-05,92.21923065185547
2019-04-08,92.1609115600586
2019-04-09,92.28587341308594
2019-04-10,92.35246276855469
2019-04-11,92.32748413085938
2019-04-12,92.1609115600586
2019-04-15,92.28587341308594
2019-04-16,92.23589324951172
2019-04-17,92.2691879272461
2019-04-18,92.32748413085938
2019-04-22,92.35246276855469
2019-04-23,92.47737884521484
2019-04-24,92.6855697631836
2019-04-25,92.71056365966797
2019-04-26,92.84375
2019-04-29,92.81050109863281
2019-04-30,92.88545227050781
2019-05-01,92.94805145263672
2019-05-02,92.91461181640625
2019-05-03,93.01476287841797
2019-05-06,93.13158416748047
2019-05-07,93.28180694580078
2019-05-08,93.1900405883789
2019-05-09,93.36528015136719
2019-05-10,93.37360382080078
2019-05-13,93.5905990600586
2019-05-14,93.63232421875
2019-05-15,93.80760955810547
2019-05-16,93.78253936767578
2019-05-17,93.82427978515625
2019-05-20,93.79087829589844
2019-05-21,93.68238067626953
2019-05-22,93.76587677001953
2019-05-23,93.8159408569336
2019-05-24,93.88265991210938
2019-05-28,93.92443084716797
2019-05-29,93.96607971191406
2019-05-30,94.02449035644531
2019-05-31,94.19142150878906
2019-06-03,94.37545776367188
2019-06-04,94.27507781982422
2019-06-05,94.22488403320312
2019-06-06,94.13288116455078
2019-06-07,94.40052032470703
2019-06-10,94.27507781982422
2019-06-11,94.23326110839844
2019-06-12,94.25834655761719
2019-06-13,94.29179382324219
2019-06-14,94.31688690185547
2019-06-17,94.27507781982422
2019-06-18,94.38375854492188
2019-06-19,94.39214324951172
2019-06-20,94.47576141357422
2019-06-21,94.37545776367188
2019-06-24,94.48412322998047
2019-06-25,94.50086212158203
2019-06-26,94.4172134399414
2019-06-27,94.56778717041016
2019-06-28,94.57611846923828
2019-07-01,94.47474670410156
2019-07-02,94.69261169433594
2019-07-03,94.75125885009766
2019-07-05,94.64236450195312
2019-07-08,94.70101928710938
2019-07-09,94.88533020019531
2019-07-10,94.93563079833984
2019-07-11,94.8099594116211
2019-07-12,94.96077728271484
2019-07-15,94.93563079833984
2019-07-16,94.86858367919922
2019-07-17,95.03620910644531
2019-07-18,95.10323333740234
2019-07-19,95.06133270263672
2019-07-22,95.06133270263672
2019-07-23,95.0110092163086
2019-07-24,95.10323333740234
2019-07-25,95.15351867675781
2019-07-26,95.1451416015625
2019-07-29,95.13674926757812
2019-07-30,95.27082061767578
2019-07-31,95.27082061767578
2019-08-01,95.52776336669922
2019-08-02,95.6285400390625
2019-08-05,95.8887939453125
2019-08-06,95.94757843017578
2019-08-07,96.19109344482422
2019-08-08,96.24148559570312
2019-08-09,96.1994857788086
2019-08-12,96.5101547241211
2019-08-13,96.37580871582031
2019-08-14,96.68649291992188
2019-08-15,96.85442352294922
2019-08-16,96.81243896484375
2019-08-19,96.66968536376953
2019-08-20,96.7620849609375
2019-08-21,96.63609313964844
2019-08-22,96.560546875
2019-08-23,96.68649291992188
2019-08-26,96.61929321289062
2019-08-27,96.74525451660156
2019-08-28,96.83760833740234
2019-08-29,96.73690032958984
2019-08-30,96.72846221923828
2019-09-03,96.7637939453125
2019-09-04,96.7637939453125
2019-09-05,96.51985168457031
2019-09-06,96.51985168457031
2019-09-09,96.25064849853516
2019-09-10,96.05711364746094
2019-09-11,95.77951049804688
2019-09-12,95.72904968261719
2019-09-13,95.37567138671875
2019-09-16,95.22425079345703
2019-09-17,95.33364868164062
2019-09-18,95.4935073852539
2019-09-19,95.72904968261719
2019-09-20,95.89730072021484
2019-09-23,95.98985290527344
2019-09-24,96.16651153564453
2019-09-25,95.95616149902344
2019-09-26,95.94776153564453
2019-09-27,95.98985290527344
2019-09-30,95.98985290527344
2019-10-01,96.03704833984375
2019-10-02,96.20562744140625
2019-10-03,96.407958984375
2019-10-04,96.407958984375
2019-10-07,96.33208465576172
2019-10-08,96.61023712158203
2019-10-09,96.58494567871094
2019-10-10,96.41632843017578
2019-10-11,96.1466064453125
2019-10-14,96.31519317626953
2019-10-15,96.24779510498047
2019-10-16,96.24779510498047
2019-10-17,96.05387878417969
2019-10-18,96.08761596679688
2019-10-21,95.85157775878906
2019-10-22,95.91061401367188
2019-10-23,95.86849212646484
2019-10-24,95.92747497558594
2019-10-25,95.91902160644531
2019-10-28,95.86849212646484
2019-10-29,95.8262939453125
2019-10-30,95.97801208496094
2019-10-31,96.2730712890625
2019-11-01,96.23338317871094
2019-11-04,96.14042663574219
2019-11-05,95.98841857910156
2019-11-06,96.0137710571289
2019-11-07,95.60836791992188
2019-11-08,95.5914535522461
2019-11-11,95.65057373046875
2019-11-12,95.67593383789062
2019-11-13,95.81951141357422
2019-11-14,95.94620513916016
2019-11-15,95.92930603027344
2019-11-18,95.96310424804688
2019-11-19,95.98001861572266
2019-11-20,96.18268585205078
2019-11-21,96.19956970214844
2019-11-22,96.18268585205078
2019-11-25,96.23338317871094
2019-11-26,96.32626342773438
2019-11-27,96.32626342773438
2019-11-29,96.32626342773438
2019-12-02,96.16719055175781
2019-12-03,96.45490264892578
2019-12-04,96.39563751220703
2019-12-05,96.42949676513672
2019-12-06,96.37875366210938
2019-12-09,96.44644927978516
2019-12-10,96.46336364746094
2019-12-11,96.63262939453125
2019-12-12,96.47183990478516
2019-12-13,96.59876251220703
2019-12-16,96.48030090332031
2019-12-17,96.5479736328125
2019-12-18,96.51412963867188
2019-12-19,96.54551696777344
2019-12-20,96.46922302246094
2019-12-23,96.4776611328125
2019-12-24,96.59639739990234
2019-12-26,96.63030242919922
2019-12-27,96.6387710571289
2019-12-30,96.65574645996094
2019-12-31,96.57940673828125
2020-01-02,96.6642074584961
2020-01-03,97.01181030273438
2020-01-06,97.10509490966797
2020-01-07,97.15594482421875
2020-01-08,97.17294311523438
2020-01-09,97.2916030883789
2020-01-10,97.30011749267578
2020-01-13,97.26617431640625
2020-01-14,97.38487243652344
2020-01-15,97.48661041259766
2020-01-16,97.54597473144531
2020-01-17,97.43576049804688
2020-01-21,97.57140350341797
2020-01-22,97.61380767822266
2020-01-23,97.74945068359375
2020-01-24,97.85970306396484
2020-01-27,98.0038070678711
2020-01-28,97.94447326660156
2020-01-29,98.15643310546875
2020-01-30,98.08858489990234
2020-01-31,98.18187713623047
2020-02-03,98.21160125732422
2020-02-04,98.04173278808594
2020-02-05,97.95674133300781
2020-02-06,97.91431427001953
2020-02-07,98.10115051269531
2020-02-10,98.16064453125
2020-02-11,98.19458770751953
2020-02-12,98.12667846679688
2020-02-13,98.12667846679688
2020-02-14,98.25405883789062
2020-02-18,98.34750366210938
2020-02-19,98.4239730834961
2020-02-20,98.55138397216797
2020-02-21,98.81468200683594
2020-02-24,99.23942565917969
2020-02-25,99.33285522460938
2020-02-26,99.29039001464844
2020-02-27,99.33285522460938
2020-02-28,99.13752746582031
2020-03-02,99.28044128417969
2020-03-03,99.39109802246094
2020-03-04,99.28044128417969
2020-03-05,99.39109802246094
2020-03-06,99.40811920166016
2020-03-09,100.09751892089844
2020-03-10,99.0166244506836
2020-03-11,97.53572082519531
2020-03-12,92.81212615966797
2020-03-13,94.90583038330078
2020-03-16,93.62068176269531
2020-03-17,94.23346710205078
2020-03-18,88.43749237060547
2020-03-19,86.40336608886719
2020-03-20,87.06721496582031
2020-03-23,88.71833038330078
2020-03-24,90.65882873535156
2020-03-25,94.63349914550781
2020-03-26,97.87616729736328
2020-03-27,96.5995101928711
2020-03-30,96.87187194824219
2020-03-31,96.1824951171875
2020-04-01,93.86026000976562
2020-04-02,93.86876678466797
2020-04-03,93.74942016601562
2020-04-06,94.83246612548828
2020-04-07,95.45503997802734
2020-04-08,95.79615020751953
2020-04-09,96.46985626220703
2020-04-13,96.36756134033203
2020-04-14,96.57221984863281
2020-04-15,97.10945129394531
2020-04-16,96.87920379638672
2020-04-17,96.8024673461914
2020-04-20,96.44428253173828
2020-04-21,95.96671295166016
2020-04-22,95.87291717529297
2020-04-23,95.41239929199219
2020-04-24,95.37825775146484
2020-04-27,95.3441390991211
2020-04-28,94.92627716064453
2020-04-29,94.90919494628906
2020-04-30,94.85807037353516
2020-05-01,95.33658599853516
2020-05-04,95.59294891357422
2020-05-05,95.81510162353516
2020-05-06,95.90056610107422
2020-05-07,96.23382568359375
2020-05-08,96.22525787353516
2020-05-11,96.24234008789062
2020-05-12,96.42176818847656
2020-05-13,96.49868774414062
2020-05-14,96.70378112792969
2020-05-15,96.97721099853516
2020-05-18,96.95157623291016
2020-05-19,97.27629852294922
2020-05-20,97.37886047363281
2020-05-21,97.58393096923828
2020-05-22,97.88297271728516
2020-05-26,97.93426513671875
2020-05-27,98.12225341796875
2020-05-28,98.02825927734375
2020-05-29,98.42984008789062
2020-06-01,98.4024658203125
2020-06-02,98.30830383300781
2020-06-03,98.14566802978516
2020-06-04,98.06002044677734
2020-06-05,97.95730590820312
2020-06-08,98.02579498291016
2020-06-09,98.325439453125
2020-06-10,98.3682632446289
2020-06-11,98.51373291015625
2020-06-12,98.3682632446289
2020-06-15,98.5394515991211
2020-06-16,98.37677764892578
2020-06-17,98.55657196044922
2020-06-18,98.56512451171875
2020-06-19,98.59935760498047
2020-06-22,98.77059173583984
2020-06-23,98.73634338378906
2020-06-24,98.64215850830078
2020-06-25,98.75343322753906
2020-06-26,98.8219223022461
2020-06-29,98.8219223022461
2020-06-30,98.78767395019531
2020-07-01,98.84427642822266
2020-07-02,99.01580047607422
2020-07-06,98.97290802001953
2020-07-07,99.00721740722656
2020-07-08,98.99007415771484
2020-07-09,99.07585144042969
2020-07-10,99.14444732666016
2020-07-13,99.13587951660156
2020-07-14,99.32453155517578
2020-07-15,99.38455200195312
2020-07-16,99.51322937011719
2020-07-17,99.53034210205078
2020-07-20,99.7447509765625
2020-07-21,99.7447509765625
2020-07-22,99.8819351196289
2020-07-23,99.9762954711914
2020-07-24,100.01058959960938
2020-07-27,99.9762954711914
2020-07-28,99.9762954711914
2020-07-29,100.06209564208984
2020-07-30,100.12207794189453
2020-07-31,100.21641540527344
2020-08-03,100.27997589111328
2020-08-04,100.35730743408203
2020-08-05,100.46896362304688
2020-08-06,100.64933013916016
2020-08-07,100.64933013916016
2020-08-10,100.69230651855469
2020-08-11,100.59780883789062
2020-08-12,100.52051544189453
2020-08-13,100.41744995117188
2020-08-14,100.34868621826172
2020-08-17,100.33152770996094
2020-08-18,100.3057632446289
2020-08-19,100.09099578857422
2020-08-20,99.83331298828125
2020-08-21,99.84188842773438
2020-08-24,100.0051040649414
2020-08-25,99.85047912597656
2020-08-26,99.73882293701172
2020-08-27,99.39519500732422
2020-08-28,99.52408599853516
2020-08-31,99.62718200683594
2020-09-01,99.69082641601562
2020-09-02,99.68221282958984
2020-09-03,99.83707427978516
2020-09-04,99.68221282958984
2020-09-08,99.673583984375
2020-09-09,99.74243927001953
2020-09-10,99.64778137207031
2020-09-11,99.75965881347656
2020-09-14,99.68221282958984
2020-09-15,99.79410552978516
2020-09-16,99.74243927001953
2020-09-17,99.76827239990234
2020-09-18,99.77685546875
2020-09-21,99.73383331298828
2020-09-22,99.79410552978516
2020-09-23,99.53591918945312
2020-09-24,99.59615325927734
2020-09-25,99.76827239990234
2020-09-28,99.880126953125
2020-09-29,99.90592956542969
2020-09-30,99.75102996826172
2020-10-01,99.7406997680664
2020-10-02,99.72349548339844
2020-10-05,99.59416961669922
2020-10-06,99.54243469238281
2020-10-07,99.37866973876953
2020-10-08,99.30107116699219
2020-10-09,99.35279083251953
2020-10-12,99.35279083251953
2020-10-13,99.39588928222656
2020-10-14,99.4131088256836
2020-10-15,99.36143493652344
2020-10-16,99.39588928222656
2020-10-19,99.39588928222656
2020-10-20,99.37004852294922
2020-10-21,99.26660919189453
2020-10-22,99.35279083251953
2020-10-23,99.34417724609375
2020-10-26,99.35279083251953
2020-10-27,99.49073028564453
2020-10-28,99.36143493652344
2020-10-29,99.27520751953125
2020-10-30,99.23210144042969
2020-11-02,99.3763427734375
2020-11-03,99.36768341064453
2020-11-04,99.95484161376953
2020-11-05,100.04988861083984
2020-11-06,100.16206359863281
2020-11-09,100.09300994873047
2020-11-10,100.04988861083984
2020-11-11,100.11888122558594
2020-11-12,100.11888122558594
2020-11-13,100.23978424072266
2020-11-16,100.22254180908203
2020-11-17,100.37793731689453
2020-11-18,100.5074691772461
2020-11-19,100.76646423339844
2020-11-20,100.87010192871094
2020-11-23,100.92192840576172
2020-11-24,100.84423065185547
2020-11-25,100.86150360107422
2020-11-27,100.93054962158203
2020-11-30,100.84423065185547
2020-12-01,100.7957763671875
2020-12-02,100.7957763671875
2020-12-03,100.93412780761719
2020-12-04,100.96874237060547
2020-12-07,101.02067565917969
2020-12-08,101.15039825439453
2020-12-09,101.1590576171875
2020-12-10,101.27145385742188
2020-12-11,101.30608367919922
2020-12-14,101.27145385742188
2020-12-15,101.27145385742188
2020-12-16,101.29740142822266
2020-12-17,101.30867767333984
2020-12-18,101.28270721435547
2020-12-21,101.40396118164062
2020-12-22,101.4559326171875
2020-12-23,101.37799072265625
2020-12-24,101.5079116821289
2020-12-28,101.47325897216797
2020-12-29,101.49059295654297
2020-12-30,101.47325897216797
2020-12-31,101.52523803710938
2021-01-04,101.4646224975586
2021-01-05,101.5512466430664
2021-01-06,101.4472885131836
2021-01-07,101.4472885131836
2021-01-08,101.27405548095703
2021-01-11,101.17877197265625
2021-01-12,101.38664245605469
2021-01-13,101.42130279541016
2021-01-14,101.39527130126953
2021-01-15,101.43861389160156
2021-01-19,101.43861389160156
2021-01-20,101.49925994873047
2021-01-21,101.47325897216797
2021-01-22,101.42996978759766
2021-01-25,101.64649200439453
2021-01-26,101.81978607177734
2021-01-27,101.90640258789062
2021-01-28,101.8977279663086
2021-01-29,101.87174987792969
2021-02-01,101.96021270751953
2021-02-02,101.92557525634766
2021-02-03,101.88217163085938
2021-02-04,101.89082336425781
2021-02-05,101.98626708984375
2021-02-08,102.05567932128906
2021-02-09,102.13375854492188
2021-02-10,102.24658203125
2021-02-11,102.263916015625
2021-02-12,102.22054290771484
2021-02-16,101.97762298583984
2021-02-17,101.6739501953125
2021-02-18,101.4483642578125
2021-02-19,101.3095474243164
2021-02-22,100.79765319824219
2021-02-23,100.7109146118164
2021-02-24,100.46795654296875
2021-02-25,100.03418731689453
2021-02-26,100.28578186035156
2021-03-01,100.27275085449219
2021-03-02,100.4378890991211
2021-03-03,100.33357238769531
2021-03-04,100.35095977783203
2021-03-05,100.37702941894531
2021-03-08,100.48129272460938
2021-03-09,100.75074005126953
2021-03-10,100.92456817626953
2021-03-11,101.06359100341797
2021-03-12,100.65512084960938
2021-03-15,100.95063018798828
2021-03-16,101.011474609375
2021-03-17,100.81153106689453
2021-03-18,100.42919921875
2021-03-19,100.489990234375
2021-03-22,100.56824493408203
2021-03-23,100.63774108886719
2021-03-24,100.78549194335938
2021-03-25,100.76811218261719
2021-03-26,100.78549194335938
2021-03-29,100.73333740234375
2021-03-30,100.87240600585938
2021-03-31,100.85501098632812
2021-04-01,100.96992492675781
2021-04-05,100.89157104492188
2021-04-06,101.06568145751953
2021-04-07,101.10918426513672
2021-04-08,101.23977661132812
2021-04-09,101.24847412109375
2021-04-12,101.32679748535156
2021-04-13,101.39643859863281
2021-04-14,101.518310546875
2021-04-15,101.8664779663086
2021-04-16,101.8055191040039
2021-04-19,101.78811645507812
2021-04-20,101.81422424316406
2021-04-21,101.84034729003906
2021-04-22,101.90999603271484
2021-04-23,101.90999603271484
2021-04-26,101.91868591308594
2021-04-27,101.84903717041016
2021-04-28,101.82293701171875
2021-04-29,101.6314697265625
2021-04-30,101.62276458740234
2021-05-03,101.5285873413086
2021-05-04,101.51985931396484
2021-05-05,101.61573791503906
2021-05-06,101.70294189453125
2021-05-07,101.86858367919922
2021-05-10,101.77266693115234
2021-05-11,101.6680908203125
2021-05-12,101.48501586914062
2021-05-13,101.47628021240234
2021-05-14,101.7116928100586
2021-05-17,101.7116928100586
2021-05-18,101.73780059814453
2021-05-19,101.59832000732422
2021-05-20,101.70294189453125
2021-05-21,101.72911071777344
2021-05-24,101.77266693115234
2021-05-25,101.91217041015625
2021-05-26,101.9993667602539
2021-05-27,101.9993667602539
2021-05-28,101.97319793701172
2021-06-01,101.99677276611328
2021-06-02,102.10154724121094
2021-06-03,102.08407592773438
2021-06-04,102.25869750976562
2021-06-07,102.25869750976562
2021-06-08,102.36347961425781
2021-06-09,102.64287567138672
2021-06-10,102.67778778076172
2021-06-11,102.61668395996094
2021-06-14,102.66905212402344
2021-06-15,102.59922790527344
2021-06-16,102.32854461669922
2021-06-17,102.45076751708984
2021-06-18,102.44205474853516
2021-06-21,102.30235290527344
2021-06-22,102.31108093261719
2021-06-23,102.06661224365234
2021-06-24,102.12773132324219
2021-06-25,102.11026000976562
2021-06-28,102.24122619628906
2021-06-29,102.24998474121094
2021-06-30,102.32854461669922
2021-07-01,102.37055206298828
2021-07-02,102.46671295166016
2021-07-06,102.58914184570312
2021-07-07,102.73777770996094
2021-07-08,102.92140197753906
2021-07-09,102.84272766113281
2021-07-12,102.8252182006836
2021-07-13,102.76399230957031
2021-07-14,102.84272766113281
2021-07-15,102.94766235351562
2021-07-16,102.96515655517578
2021-07-19,103.13129425048828
2021-07-20,103.08758544921875
2021-07-21,102.9301528930664
2021-07-22,103.01761627197266
2021-07-23,102.93892669677734
2021-07-26,103.0351333618164
2021-07-27,103.00886535644531
2021-07-28,102.94766235351562
2021-07-29,102.9039306640625
2021-07-30,102.79901123046875
2021-08-02,102.90499114990234
2021-08-03,102.99256134033203
2021-08-04,103.01004791259766
2021-08-05,103.00128936767578
2021-08-06,102.8174057006836
2021-08-09,102.75609588623047
2021-08-10,102.7823715209961
2021-08-11,102.69482421875
2021-08-12,102.5809555053711
2021-08-13,102.64225006103516
2021-08-16,102.63350677490234
2021-08-17,102.65101623535156
2021-08-18,102.65101623535156
2021-08-19,102.59846496582031
2021-08-20,102.56346130371094
2021-08-23,102.67727661132812
2021-08-24,102.59846496582031
2021-08-25,102.53716278076172
2021-08-26,102.55467224121094
2021-08-27,102.64225006103516
2021-08-30,102.60722351074219
2021-08-31,102.59846496582031
2021-09-01,102.60289001464844
2021-09-02,102.57652282714844
2021-09-03,102.50635528564453
2021-09-07,102.27838897705078
2021-09-08,102.54147338867188
2021-09-09,102.54147338867188
2021-09-10,102.48008728027344
2021-09-13,102.53269958496094
2021-09-14,102.55023956298828
2021-09-15,102.53269958496094
2021-09-16,102.47132873535156
2021-09-17,102.48008728027344
2021-09-20,102.62914276123047
2021-09-21,102.62041473388672
2021-09-22,102.58531188964844
2021-09-23,102.33975219726562
2021-09-24,102.33100891113281
2021-09-27,102.21700286865234
2021-09-28,101.94513702392578
2021-09-29,101.8311538696289
2021-09-30,101.87501525878906
2021-10-01,101.91362762451172
2021-10-04,101.84335327148438
2021-10-05,101.86972045898438
2021-10-06,101.8258285522461
2021-10-07,101.72919464111328
2021-10-08,101.67650604248047
2021-10-11,101.57112884521484
2021-10-12,101.80823516845703
2021-10-13,101.80823516845703
2021-10-14,101.8258285522461
2021-10-15,101.78189849853516
2021-10-18,101.79067993164062
2021-10-19,101.72919464111328
2021-10-20,101.694091796875
2021-10-21,101.3427505493164
2021-10-22,101.46570587158203
2021-10-25,101.5271987915039
2021-10-26,101.5096435546875
2021-10-27,101.72042846679688
2021-10-28,101.75555419921875
2021-10-29,101.8258285522461
2021-11-01,101.74752807617188
2021-11-02,101.81787872314453
2021-11-03,101.87065887451172
2021-11-04,102.0201644897461
2021-11-05,102.25761413574219
2021-11-08,102.15213012695312
2021-11-09,102.3543701171875
2021-11-10,102.24884033203125
2021-11-11,102.16968536376953
2021-11-12,102.11691284179688
2021-11-15,102.03775787353516
2021-11-16,101.91465759277344
2021-11-17,101.94100189208984
2021-11-18,102.1081314086914
2021-11-19,102.24002075195312
2021-11-22,102.15213012695312
2021-11-23,102.1081314086914
2021-11-24,102.17848205566406
2021-11-26,102.3543701171875
2021-11-29,102.34556579589844
2021-11-30,102.5654525756836
2021-12-01,102.5645751953125
2021-12-02,102.42365264892578
2021-12-03,102.54696655273438
2021-12-06,102.41485595703125
2021-12-07,102.38844299316406
2021-12-08,102.33556365966797
2021-12-09,102.3708267211914
2021-12-10,102.51170349121094
2021-12-13,102.65264892578125
2021-12-14,102.6350326538086
2021-12-15,102.60865020751953
2021-12-16,102.65533447265625
2021-12-17,102.6641845703125
2021-12-20,102.6641845703125
2021-12-21,102.5936279296875
2021-12-22,102.75241088867188
2021-12-23,102.69947052001953
2021-12-27,102.6906509399414
2021-12-28,102.71709442138672
2021-12-29,102.5936279296875
2021-12-30,102.63772583007812
2021-12-31,102.558349609375
2022-01-03,102.46131896972656
2022-01-04,102.47013854980469
2022-01-05,102.28495788574219
2022-01-06,102.25845336914062
2022-01-07,102.11734008789062
2022-01-10,101.92330932617188
2022-01-11,101.87037658691406
2022-01-12,101.84394073486328
2022-01-13,101.7998275756836
2022-01-14,101.62345123291016
2022-01-18,101.27061462402344
2022-01-19,101.36766052246094
2022-01-20,101.31473541259766
2022-01-21,101.15599822998047
2022-01-24,100.97958374023438
2022-01-25,100.70613098144531
2022-01-26,100.45919799804688
2022-01-27,100.39746856689453
2022-01-28,100.21223449707031
2022-01-31,100.0887680053711
2022-02-01,100.31660461425781
2022-02-02,100.54625701904297
2022-02-03,100.5992660522461
2022-02-04,100.26363372802734
2022-02-07,100.422607421875
2022-02-08,100.11351013183594
2022-02-09,100.1399917602539
2022-02-10,99.6188735961914
2022-02-11,99.46875
2022-02-14,99.18609619140625
2022-02-15,99.17728424072266
2022-02-16,99.18609619140625
2022-02-17,99.52172088623047
2022-02-18,99.51287841796875
2022-02-22,99.55706024169922
2022-02-23,99.51287841796875
2022-02-24,99.46875
2022-02-25,99.35391235351562
2022-02-28,99.55706024169922
2022-03-01,99.95866394042969
2022-03-02,99.71097564697266
2022-03-03,99.59596252441406
2022-03-04,99.5694351196289
2022-03-07,99.34832000732422
2022-03-08,98.89714050292969
2022-03-09,98.96794128417969
2022-03-10,98.85291290283203
2022-03-11,98.59639739990234
2022-03-14,97.8267822265625
2022-03-15,97.62332153320312
2022-03-16,97.90641784667969
2022-03-17,98.12755584716797
2022-03-18,98.08331298828125
2022-03-21,97.58794403076172
2022-03-22,97.33141326904297
2022-03-23,97.41107177734375
2022-03-24,97.15450286865234
2022-03-25,96.72990417480469
2022-03-28,96.72990417480469
2022-03-29,96.71222686767578
2022-03-30,96.88912200927734
2022-03-31,96.98644256591797
2022-04-01,96.92882537841797
2022-04-04,97.01741790771484
2022-04-05,96.73393249511719
2022-04-06,96.56561279296875
2022-04-07,96.34415435791016
2022-04-08,96.20240020751953
2022-04-11,95.88347625732422
2022-04-12,95.8125991821289
2022-04-13,95.85688781738281
2022-04-14,95.51134490966797
2022-04-18,95.29873657226562
2022-04-19,94.75835418701172
2022-04-20,94.98870086669922
2022-04-21,94.69630432128906
2022-04-22,94.59888458251953
2022-04-25,94.60770416259766
2022-04-26,94.68746185302734
2022-04-27,94.65200805664062
2022-04-28,94.56343078613281
2022-04-29,94.54570770263672
2022-05-02,94.3966293334961
2022-05-03,94.41439056396484
2022-05-04,94.3966293334961
2022-05-05,94.17481994628906
2022-05-06,93.8819580078125
2022-05-09,93.81098937988281
2022-05-10,93.65128326416016
2022-05-11,93.58028411865234
2022-05-12,93.4560317993164
2022-05-13,93.23422241210938
2022-05-16,93.35842895507812
2022-05-17,92.97684478759766
2022-05-18,92.9325180053711
2022-05-19,93.20758056640625
2022-05-20,93.69561004638672
2022-05-23,93.970703125
2022-05-24,94.55633544921875
2022-05-25,95.2485122680664
2022-05-26,95.72766876220703
2022-05-27,96.08258819580078
2022-05-31,95.9228744506836
2022-06-01,95.92467498779297
2022-06-02,95.93354797363281
2022-06-03,95.9690933227539
2022-06-06,95.7291488647461
2022-06-07,95.7025146484375
2022-06-08,95.40924072265625
2022-06-09,95.03599548339844
2022-06-10,94.69828796386719
2022-06-13,93.48965454101562
2022-06-14,93.365234375
2022-06-15,93.55189514160156
2022-06-16,93.45413970947266
2022-06-17,93.6851806640625
2022-06-21,93.516357421875
2022-06-22,93.80960083007812
2022-06-23,94.04954528808594
2022-06-24,94.13842010498047
2022-06-27,93.9428939819336
2022-06-28,93.80960083007812
2022-06-29,94.1473159790039
2022-06-30,94.52056121826172
2022-07-01,94.89089965820312
2022-07-05,95.12236022949219
2022-07-06,95.29148864746094
2022-07-07,95.12236022949219
2022-07-08,94.9443130493164
2022-07-11,95.12236022949219
2022-07-12,95.35380554199219
2022-07-13,95.46063995361328
2022-07-14,95.51404571533203
2022-07-15,95.65650939941406
2022-07-18,95.47846221923828
2022-07-19,95.425048828125
2022-07-20,95.58527374267578
2022-07-21,95.67430114746094
2022-07-22,96.11940002441406
2022-07-25,95.79004669189453
2022-07-26,95.98588562011719
2022-07-27,96.01258850097656
2022-07-28,96.57344818115234
2022-07-29,96.65354919433594
2022-08-01,96.75702667236328
2022-08-02,96.62326049804688
2022-08-03,96.81945037841797
2022-08-04,96.8372802734375
2022-08-05,96.1684341430664
2022-08-08,96.23085021972656
2022-08-09,96.22196197509766
2022-08-10,96.41815185546875
2022-08-11,96.12387084960938
2022-08-12,96.35569763183594
2022-08-15,96.3378677368164
2022-08-16,96.15059661865234
2022-08-17,95.69578552246094
2022-08-18,95.58881378173828
2022-08-19,95.31233215332031
2022-08-22,95.08943176269531
2022-08-23,94.97345733642578
2022-08-24,94.79512023925781
2022-08-25,94.902099609375
2022-08-26,94.6703109741211
2022-08-29,94.34033203125
2022-08-30,94.21546936035156
2022-08-31,94.29573059082031
2022-09-01,93.85702514648438
2022-09-02,94.25908660888672
2022-09-06,93.75875091552734
2022-09-07,94.03572082519531
2022-09-08,93.89275360107422
2022-09-09,94.11613464355469
2022-09-12,94.20548248291016
2022-09-13,93.90171813964844
2022-09-14,93.7319564819336
2022-09-15,93.4996566772461
2022-09-16,93.4817886352539
2022-09-19,93.39244079589844
2022-09-20,92.8474349975586
2022-09-21,93.05292510986328
2022-09-22,92.59727478027344
2022-09-23,92.34711456298828
2022-09-26,91.6233901977539
2022-09-27,91.65913391113281
2022-09-28,91.76636505126953
2022-09-29,91.65023040771484
2022-09-30,91.65023040771484
2022-10-03,92.0727310180664
2022-10-04,92.7173080444336
2022-10-05,92.52932739257812
2022-10-06,92.54722595214844
2022-10-07,92.66358184814453
2022-10-10,92.46664428710938
2022-10-11,92.67251586914062
2022-10-12,92.69940185546875
2022-10-13,92.38609313964844
2022-10-14,92.40398406982422
2022-10-17,92.43981170654297
2022-10-18,92.57408905029297
2022-10-19,92.18018341064453
2022-10-20,91.69674682617188
2022-10-21,91.41922760009766
2022-10-24,90.90001678466797
2022-10-25,90.97164154052734
2022-10-26,91.07909393310547
2022-10-27,91.05220031738281
2022-10-28,91.15068817138672
2022-10-31,90.8731918334961
2022-11-01,91.23014831542969
2022-11-02,91.36470794677734
2022-11-03,91.17634582519531
2022-11-04,91.39164733886719
2022-11-07,91.27501678466797
2022-11-08,91.46337127685547
2022-11-09,91.73246765136719
2022-11-10,93.05097961425781
2022-11-11,93.14067840576172
2022-11-14,92.6563491821289
2022-11-15,93.36489868164062
2022-11-16,93.88516235351562
2022-11-17,93.99282836914062
2022-11-18,94.06458282470703
2022-11-21,94.15428161621094
2022-11-22,94.37850189208984
2022-11-23,94.71038055419922
2022-11-25,94.58483123779297
2022-11-28,94.65656280517578
2022-11-29,94.87184143066406
2022-11-30,95.27546691894531
2022-12-01,95.62689208984375
2022-12-02,95.48306274414062
2022-12-05,95.42015838623047
2022-12-06,95.49209594726562
2022-12-07,95.91447448730469
2022-12-08,95.67182159423828
2022-12-09,95.4740982055664
2022-12-12,95.35726928710938
2022-12-13,95.88752746582031
2022-12-14,95.8785400390625
2022-12-15,95.79927825927734
2022-12-16,95.69121551513672
2022-12-19,95.35802459716797
2022-12-20,95.06084442138672
2022-12-21,95.19595336914062
2022-12-22,95.2769546508789
2022-12-23,95.22293853759766
2022-12-27,94.89874267578125
2022-12-28,94.9167709350586
2022-12-29,95.13288879394531
2022-12-30,95.02485656738281
2023-01-03,95.37603759765625
2023-01-04,95.68224334716797
2023-01-05,95.64618682861328
2023-01-06,96.0154037475586
2023-01-09,96.2405776977539
2023-01-10,96.30359649658203
2023-01-11,96.61878967285156
2023-01-12,96.98797607421875
2023-01-13,96.8529281616211
2023-01-17,96.8619384765625
2023-01-18,97.447265625
2023-01-19,97.447265625
2023-01-20,97.23116302490234
2023-01-23,97.0150146484375
2023-01-24,97.20413208007812
2023-01-25,97.34823608398438
2023-01-26,97.43826293945312
2023-01-27,97.23116302490234
2023-01-30,97.15911102294922
2023-01-31,97.3662338256836
2023-02-01,97.81201171875
2023-02-02,97.90227508544922
2023-02-03,97.3517837524414
2023-02-06,97.00889587402344
2023-02-07,96.9276351928711
2023-02-08,96.91864013671875
2023-02-09,96.89157104492188
2023-02-10,96.69303131103516
2023-02-13,96.87348937988281
2023-02-14,96.70204162597656
2023-02-15,96.3771743774414
2023-02-16,95.87183380126953
2023-02-17,95.55599975585938
2023-02-21,94.93331909179688
2023-02-22,95.06867980957031
2023-02-23,95.2943115234375
2023-02-24,94.95140075683594
2023-02-27,95.13184356689453
2023-02-28,95.15892791748047
2023-03-01,94.96266174316406
2023-03-02,95.06214904785156
2023-03-03,95.36968994140625
2023-03-06,95.23400115966797
2023-03-07,95.30633544921875
2023-03-08,95.24304962158203
2023-03-09,95.51438903808594
2023-03-10,96.01188659667969
2023-03-13,96.30133056640625
2023-03-14,96.1023178100586
2023-03-15,96.67214965820312
2023-03-16,96.60882568359375
2023-03-17,96.90731811523438
2023-03-20,96.62691497802734
2023-03-21,96.31036376953125
2023-03-22,96.86211395263672
2023-03-23,96.90731811523438
2023-03-24,97.11534118652344
2023-03-27,96.83495330810547
2023-03-28,96.94348907470703
2023-03-29,97.033935546875
2023-03-30,97.3143310546875
2023-03-31,97.45001983642578
2023-04-03,97.5388412475586
2023-04-04,97.81077575683594
2023-04-05,98.10989379882812
2023-04-06,98.19147491455078
2023-04-10,97.90141296386719
2023-04-11,98.17332458496094
2023-04-12,98.4180679321289
2023-04-13,98.20958709716797
2023-04-14,97.83795928955078
2023-04-17,97.6657485961914
2023-04-18,96.95875549316406
2023-04-19,96.83184051513672
2023-04-20,97.00404357910156
2023-04-21,96.89532470703125
2023-04-24,97.29412078857422
2023-04-25,97.50257873535156
2023-04-26,97.03125762939453
2023-04-27,96.81369018554688
2023-04-28,97.2488021850586
2023-05-01,96.76187896728516
2023-05-02,97.32508850097656
2023-05-03,97.5158462524414
2023-05-04,97.53402709960938
2023-05-05,97.61576843261719
2023-05-08,97.36141967773438
2023-05-09,97.27057647705078
2023-05-10,97.54312133789062
2023-05-11,97.61576843261719
2023-05-12,97.19791412353516
2023-05-15,97.17068481445312
2023-05-16,97.23426055908203
2023-05-17,96.88906860351562
2023-05-18,96.36219024658203
2023-05-19,96.06243133544922
2023-05-22,95.89892578125
2023-05-23,95.69908142089844
2023-05-24,95.52649688720703
2023-05-25,95.79900360107422
2023-05-26,96.0442886352539
2023-05-30,96.49846649169922
2023-05-31,96.62564086914062
2023-06-01,96.71757507324219
2023-06-02,96.46269226074219
2023-06-05,96.6629867553711
2023-06-06,96.81770324707031
2023-06-07,96.50818634033203
2023-06-08,96.8814697265625
2023-06-09,96.7904281616211
2023-06-12,96.80863189697266
2023-06-13,96.71757507324219
2023-06-14,96.95429229736328
2023-06-15,97.2364730834961
2023-06-16,97.17274475097656
2023-06-20,97.29110717773438
2023-06-21,97.38215637207031
2023-06-22,97.08173370361328
2023-06-23,97.36395263671875
2023-06-26,97.37303924560547
2023-06-27,97.36395263671875
2023-06-28,97.50960540771484
2023-06-29,96.98158264160156
2023-06-30,97.16366577148438
2023-07-03,97.20016479492188
2023-07-05,96.9811782836914
2023-07-06,96.7530746459961
2023-07-07,96.7256851196289
2023-07-10,96.81694793701172
2023-07-11,96.91728210449219
2023-07-12,97.23665618896484
2023-07-13,97.63811492919922
2023-07-14,97.36438751220703
2023-07-17,97.473876953125
2023-07-18,97.72023010253906
2023-07-19,97.9848403930664
2023-07-20,97.6928482055664
2023-07-21,97.89359283447266
2023-07-24,97.8297348022461
2023-07-25,97.71110534667969
2023-07-26,97.8297348022461
2023-07-27,97.3735122680664
2023-07-28,97.31877136230469
2023-07-31,97.19100189208984
2023-08-01,97.05934143066406
2023-08-02,96.78502655029297
2023-08-03,96.2729263305664
2023-08-04,96.69357299804688
2023-08-07,96.4558334350586
2023-08-08,96.81244659423828
2023-08-09,96.87643432617188
2023-08-10,96.72103118896484
2023-08-11,96.63867950439453
2023-08-14,96.63867950439453
2023-08-15,96.73014831542969
2023-08-16,96.51984405517578
2023-08-17,96.25464630126953
2023-08-18,96.18147277832031
2023-08-21,95.87970733642578
2023-08-22,95.78826904296875
2023-08-23,96.1906509399414
2023-08-24,96.14488983154297
2023-08-25,96.02603912353516
2023-08-28,96.16319274902344
2023-08-29,96.34608459472656
2023-08-30,96.32780456542969
2023-08-31,96.43755340576172
2023-09-01,96.33121490478516
2023-09-05,96.08375549316406
2023-09-06,96.2212142944336
2023-09-07,96.03794860839844
2023-09-08,96.15708923339844
2023-09-11,96.15708923339844
2023-09-12,96.1753921508789
2023-09-13,96.2212142944336
2023-09-14,96.01960754394531
2023-09-15,95.96463012695312
2023-09-18,96.06543731689453
2023-09-19,95.89131164550781
2023-09-20,95.82713317871094
2023-09-21,95.21311950683594
2023-09-22,95.27725219726562
2023-09-25,94.58074188232422
2023-09-26,94.47991180419922
2023-09-27,94.23247528076172
2023-09-28,94.01251983642578
2023-09-29,93.97587585449219
2023-10-02,93.6469955444336
2023-10-03,93.28873443603516
2023-10-04,93.5643081665039
2023-10-05,93.6837387084961
2023-10-06,93.29790496826172
2023-10-09,93.89502716064453
2023-10-10,94.13388061523438
2023-10-11,94.58399200439453
2023-10-12,94.13388061523438
2023-10-13,94.29925537109375
2023-10-16,93.9317626953125
2023-10-17,93.47244262695312
2023-10-18,93.29790496826172
2023-10-19,92.87529754638672
2023-10-20,93.1325454711914
2023-10-23,93.08662414550781
2023-10-24,93.16011810302734
2023-10-25,92.75589752197266
2023-10-26,93.0958023071289
2023-10-27,92.98558807373047
2023-10-30,92.76509094238281
2023-10-31,92.80181884765625
2023-11-01,93.19967651367188
2023-11-02,93.99169158935547
2023-11-03,94.63636779785156
2023-11-06,94.43375396728516
2023-11-07,95.0507583618164
2023-11-08,95.48362731933594
2023-11-09,95.0783920288086
2023-11-10,95.4007339477539
2023-11-13,95.52047729492188
2023-11-14,96.32169342041016
2023-11-15,96.10985565185547
2023-11-16,96.4598159790039
2023-11-17,96.52427673339844
2023-11-20,96.8650131225586
2023-11-21,97.06764221191406
2023-11-22,97.26102447509766
2023-11-24,97.04924011230469
2023-11-27,97.3531494140625
2023-11-28,97.61100769042969
2023-11-29,98.2188491821289
2023-11-30,98.09910583496094
2023-12-01,98.64466094970703
2023-12-04,98.49696350097656
2023-12-05,98.78315734863281
2023-12-06,98.9493179321289
2023-12-07,98.94007110595703
2023-12-08,98.8754653930664
2023-12-11,98.80160522460938
2023-12-12,98.89390563964844
2023-12-13,99.47545623779297
2023-12-14,99.9695816040039
2023-12-15,99.98809051513672
2023-12-18,99.86779022216797
2023-12-19,99.9695816040039
2023-12-20,100.11764526367188
2023-12-21,100.11764526367188
2023-12-22,100.20091247558594
2023-12-26,100.2379379272461
2023-12-27,100.64506530761719
2023-12-28,100.385986328125
2023-12-29,100.31195068359375
2024-01-02,100.17315673828125
2024-01-03,100.21944427490234
2024-01-04,100.12689208984375
2024-01-05,99.99735260009766
2024-01-08,100.34896850585938
2024-01-09,100.33045196533203
2024-01-10,100.21016693115234
2024-01-11,100.46925354003906
2024-01-12,100.48775482177734
2024-01-16,100.22867584228516
2024-01-17,99.91407012939453
2024-01-18,99.5531997680664
2024-01-19,99.46068572998047
2024-01-22,99.47917938232422
2024-01-23,99.41441345214844
2024-01-24,99.47917938232422
2024-01-25,99.78451538085938
2024-01-26,99.61796569824219
2024-01-29,100.00659942626953
2024-01-30,100.08062744140625
2024-01-31,100.35821533203125
2024-02-01,100.87578582763672
2024-02-02,100.12450408935547
2024-02-05,99.62364196777344
2024-02-06,100.01319122314453
2024-02-07,99.9018783569336
2024-02-08,99.81840515136719
2024-02-09,99.9018783569336
2024-02-12,100.04102325439453
2024-02-13,99.64218139648438
2024-02-14,99.83695983886719
2024-02-15,100.16159057617188
2024-02-16,100.0688247680664
2024-02-20,100.04102325439453
2024-02-21,100.04102325439453
2024-02-22,99.83695983886719
2024-02-23,100.14302825927734
2024-02-26,99.94823455810547
2024-02-27,99.92044067382812
2024-02-28,100.03173828125
2024-02-29,100.14302825927734
2024-03-01,100.29924011230469
2024-03-04,100.0760726928711
2024-03-05,100.42942810058594
2024-03-06,100.40152740478516
2024-03-07,100.58748626708984
2024-03-08,100.57817077636719
2024-03-11,100.55030822753906
2024-03-12,100.4945068359375
2024-03-13,100.438720703125
2024-03-14,100.15046691894531
2024-03-15,100.09468841552734
2024-03-18,100.1039810180664
2024-03-19,100.224853515625
2024-03-20,100.24344635009766
2024-03-21,100.224853515625
2024-03-22,100.36433410644531
2024-03-25,100.001708984375
2024-03-26,99.98310852050781
2024-03-27,100.13188934326172
2024-03-28,100.04820251464844
2024-04-01,99.74993896484375
2024-04-02,99.53556060791016
2024-04-03,99.47029876708984
2024-04-04,99.59147644042969
2024-04-05,99.20934295654297
2024-04-08,99.37712097167969
2024-04-09,99.62879180908203
2024-04-10,98.94837188720703
2024-04-11,99.0042724609375
2024-04-12,99.33980560302734
2024-04-15,99.18138122558594
2024-04-16,98.99496459960938
2024-04-17,99.13475799560547
2024-04-18,99.16273498535156
2024-04-19,99.23729705810547
2024-04-22,99.33052062988281
2024-04-23,99.28390502929688
2024-04-24,99.20934295654297
2024-04-25,98.92037963867188
2024-04-26,98.91107177734375
2024-04-29,99.15339660644531
2024-04-30,99.10682678222656
2024-05-01,99.22920227050781
2024-05-02,99.37869262695312
2024-05-03,99.66836547851562
2024-05-06,99.78984832763672
2024-05-07,100.060791015625
2024-05-08,99.9953842163086
2024-05-09,100.0234375
2024-05-10,99.78984832763672
2024-05-13,99.78984832763672
2024-05-14,99.84589385986328
2024-05-15,100.1261978149414
2024-05-16,99.97669982910156
2024-05-17,99.61228942871094
2024-05-20,99.48147583007812
2024-05-21,99.48147583007812
2024-05-22,99.25724792480469
2024-05-23,98.91150665283203
2024-05-24,98.81809997558594
2024-05-28,98.83679962158203
2024-05-29,98.45370483398438
2024-05-30,98.64990997314453
2024-05-31,98.79939270019531
2024-06-03,99.0036392211914
2024-06-04,99.36897277832031
2024-06-05,99.75309753417969
2024-06-06,99.94984436035156
2024-06-07,99.45332336425781
2024-06-10,99.35962677001953
2024-06-11,99.45332336425781
2024-06-12,99.92171478271484
2024-06-13,100.2121353149414
2024-06-14,100.3432846069336
2024-06-17,100.10907745361328
2024-06-18,100.35267639160156
2024-06-20,100.09970092773438
2024-06-21,100.06224822998047
2024-06-24,100.08098602294922
2024-06-25,100.14656829833984
2024-06-26,99.82805633544922
2024-06-27,100.07160186767578
2024-06-28,99.81864929199219
2024-07-01,99.66841888427734
2024-07-02,99.95014953613281
2024-07-03,100.21308898925781
2024-07-05,100.45726776123047
2024-07-08,100.51360321044922
2024-07-09,100.45726776123047
2024-07-10,100.35395812988281
2024-07-11,100.6732406616211
2024-07-12,100.80474090576172
2024-07-15,100.71082305908203
2024-07-16,100.8704833984375
2024-07-17,100.95500946044922
2024-07-18,100.82352447509766
2024-07-19,100.65446472167969
2024-07-22,100.7014389038086
2024-07-23,100.78596496582031
2024-07-24,100.50422668457031
2024-07-25,100.5417709350586
2024-07-26,100.75777435302734
2024-07-29,100.78596496582031
2024-07-30,100.8704833984375
2024-07-31,101.1240463256836
2024-08-01,101.27843475341797
2024-08-02,101.91859436035156
2024-08-05,101.86212158203125
2024-08-06,101.69267272949219
2024-08-07,101.33493041992188
2024-08-08,101.18428802490234
2024-08-09,101.38199615478516
2024-08-12,101.48554992675781
2024-08-13,101.59851837158203
2024-08-14,101.73974609375
2024-08-15,101.41023254394531
2024-08-16,101.47614288330078
2024-08-19,101.53264617919922
2024-08-20,101.58912658691406
2024-08-21,101.69267272949219
2024-08-22,101.49497985839844
2024-08-23,101.78681945800781
2024-08-26,101.69267272949219
2024-08-27,101.65501403808594
2024-08-28,101.52320098876953
2024-08-29,101.52320098876953
2024-08-30,101.36316680908203
2024-09-03,101.6444091796875
2024-09-04,101.80486297607422
2024-09-05,102.05963897705078
2024-09-06,102.06910705566406
2024-09-09,102.09741973876953
2024-09-10,102.32394409179688
2024-09-11,102.2767562866211
2024-09-12,102.26731872558594
2024-09-13,102.34280395507812
2024-09-16,102.52212524414062
2024-09-17,102.47492218017578
2024-09-18,102.43717193603516
2024-09-19,102.30504608154297
2024-09-20,102.26731872558594
2024-09-23,102.32394409179688
2024-09-24,102.38055419921875
2024-09-25,102.26731872558594
2024-09-26,102.2767562866211
2024-09-27,102.58816528320312
2024-09-30,102.52212524414062
2024-10-01,102.84947967529297
2024-10-02,102.80217742919922
2024-10-03,102.6413345336914
2024-10-04,102.20610809326172
2024-10-07,102.0547103881836
2024-10-08,102.12093353271484
2024-10-09,101.9033203125
2024-10-10,102.00740814208984
2024-10-11,101.98846435546875
2024-10-14,101.82762145996094
2024-10-15,102.21553039550781
2024-10-16,102.22501373291016
2024-10-17,102.0547103881836
2024-10-18,102.1020278930664
2024-10-21,101.7424545288086
2024-10-22,101.47755432128906
2024-10-23,100.9003677368164
2024-10-24,101.11798858642578
2024-10-25,101.23153686523438
2024-10-28,101.32615661621094
2024-10-29,101.19368743896484
2024-10-30,101.25993347167969
2024-10-31,101.26934814453125
2024-11-01,101.26748657226562
2024-11-04,101.64689636230469
2024-11-05,101.77971649169922
2024-11-06,100.48018646240234
2024-11-07,101.08726501464844
2024-11-08,101.9219741821289
2024-11-11,101.8460922241211
2024-11-12,101.5615463256836
2024-11-13,101.58050537109375
2024-11-14,101.62791442871094
2024-11-15,101.90303039550781
2024-11-18,101.95990753173828
2024-11-19,102.05477905273438
2024-11-20,102.05477905273438
2024-11-21,102.00735473632812
2024-11-22,102.0737533569336
2024-11-25,102.45316314697266
2024-11-26,102.5290756225586
2024-11-27,102.7187728881836
2024-11-29,102.95589447021484
2024-12-02,103.04151153564453
2024-12-03,103.02246856689453
2024-12-04,103.18413543701172
2024-12-05,103.08902740478516
2024-12-06,103.23167419433594
2024-12-09,103.07000732421875
2024-12-10,102.88933563232422
2024-12-11,102.59455108642578
2024-12-12,102.32830047607422
2024-12-13,101.99549102783203
2024-12-16,102.20468139648438
2024-12-17,101.91939544677734
2024-12-18,101.34930419921875
2024-12-19,100.84403228759766
2024-12-20,101.24443817138672
2024-12-23,101.15863800048828
2024-12-24,101.19678497314453
2024-12-26,101.19678497314453
2024-12-27,101.20630645751953
2024-12-30,101.6067123413086
2024-12-31,101.578125
2025-01-02,101.70204162597656
2025-01-03,101.6067123413086
2025-01-06,101.66390228271484
2025-01-07,101.46370697021484
2025-01-08,101.14910125732422
2025-01-10,100.7201156616211
2025-01-13,100.54850006103516
2025-01-14,100.43409729003906
2025-01-15,100.98703002929688
2025-01-16,101.04423522949219
2025-01-17,101.27303314208984
2025-01-21,101.40650939941406
2025-01-22,101.34930419921875
2025-01-23,101.07283782958984
2025-01-24,101.33023834228516
2025-01-27,101.84503936767578
2025-01-28,101.70204162597656
2025-01-29,101.55905151367188
2025-01-30,101.73063659667969
2025-01-31,101.56855773925781
2025-02-03,101.72246551513672
2025-02-04,101.97093963623047
2025-02-05,102.32459259033203
2025-02-06,102.20989990234375
2025-02-07,101.99005126953125
2025-02-10,101.99962615966797
2025-02-11,101.87538146972656
2025-02-12,101.43570709228516
2025-02-13,101.82758331298828
2025-02-14,101.98050689697266
2025-02-18,101.78934478759766
2025-02-19,101.99005126953125
2025-02-20,102.11429595947266
2025-02-21,102.34370422363281
2025-02-24,102.36280059814453
2025-02-25,102.7068862915039
2025-02-26,102.84071350097656
2025-02-27,102.65911865234375
2025-02-28,102.91715240478516
2025-03-03,102.83282470703125
2025-03-04,102.49742889404297
2025-03-05,102.35368347167969
2025-03-06,102.01828002929688
2025-03-07,101.97038269042969
2025-03-10,102.06619262695312
2025-03-11,101.75955963134766
2025-03-12,101.32833099365234
2025-03-13,101.39543151855469
2025-03-14,101.44332122802734
2025-03-17,101.44332122802734
2025-03-18,101.5295639038086
2025-03-19,101.5295639038086
2025-03-20,101.6062240600586
2025-03-21,101.41458892822266
2025-03-24,101.13668060302734
2025-03-25,100.95458984375
2025-03-26,100.46588134765625
2025-03-27,100.34130859375
2025-03-28,100.80128479003906
2025-03-31,101.04083251953125
2025-04-01,101.37425231933594
2025-04-02,101.15326690673828
2025-04-03,101.65287780761719
2025-04-04,101.59523010253906
2025-04-07,99.75048828125
2025-04-08,98.35733795166016
2025-04-09,99.27009582519531
2025-04-10,98.9241943359375
2025-04-11,98.29966735839844
2025-04-14,99.1644058227539
2025-04-15,99.36616516113281
2025-04-16,99.5967788696289
2025-04-17,99.53911590576172
2025-04-21,98.93382263183594
2025-04-22,99.0875244140625
2025-04-23,99.43341827392578
2025-04-24,99.81774139404297
2025-04-25,99.94264221191406
2025-04-28,100.16363525390625
2025-04-29,100.28853607177734
2025-04-30,100.62481689453125
2025-05-01,100.57183074951172
2025-05-02,100.43695068359375
2025-05-05,100.19609832763672
2025-05-06,100.58148193359375
2025-05-07,100.70670318603516
2025-05-08,100.37914276123047
2025-05-09,100.46585845947266
2025-05-12,100.39839172363281
2025-05-13,100.61038208007812
2025-05-14,100.21534729003906
2025-05-15,100.59111022949219
2025-05-16,100.68744659423828
2025-05-19,100.62000274658203
2025-05-20,100.36953735351562
2025-05-21,99.88780212402344
2025-05-22,99.90705871582031
2025-05-23,99.95523834228516
2025-05-27,100.26353454589844
2025-05-28,100.09011840820312
2025-05-29,100.18647003173828
2025-05-30,100.05158996582031
2025-06-02,99.7666244506836
2025-06-03,99.78594970703125
2025-06-04,100.02742767333984
2025-06-05,100.01777648925781
2025-06-06,99.68934631347656
2025-06-09,99.95016479492188
2025-06-10,99.92117309570312
2025-06-11,100.1143798828125
2025-06-12,100.55873107910156
2025-06-13,100.34620666503906
2025-06-16,100.42349243164062
2025-06-17,100.52974700927734
2025-06-18,100.43314361572266
2025-06-20,100.42349243164062
2025-06-23,100.53939819335938
2025-06-24,100.66498565673828
2025-06-25,100.64566040039062
2025-06-26,100.80021667480469
2025-06-27,100.77125549316406
2025-06-30,100.9258041381836
2025-07-01,101.0139389038086
2025-07-02,101.08174896240234
2025-07-03,100.99457550048828
2025-07-07,101.0139389038086
2025-07-08,100.85896301269531
2025-07-09,100.98489379882812
2025-07-10,100.98489379882812
2025-07-11,100.68462371826172
2025-07-14,100.56839752197266
2025-07-15,100.39404296875
2025-07-16,100.16159057617188
2025-07-17,100.01630401611328
2025-07-18,99.99694061279297
2025-07-21,100.29718017578125
2025-07-22,100.364990234375
2025-07-23,100.2874984741211
2025-07-24,100.23907470703125
2025-07-25,100.364990234375
2025-07-28,100.37466430664062
2025-07-29,100.59744262695312
2025-07-30,100.37466430664062
2025-07-31,100.60713958740234
2025-08-01,101.11019897460938
2025-08-04,101.09078216552734
2025-08-05,101.17819213867188
2025-08-06,101.03251647949219
2025-08-07,101.08106994628906
2025-08-08,101.02279663085938
2025-08-11,101.14905548095703
2025-08-12,101.14905548095703
2025-08-13,101.217041015625
2025-08-14,101.05193328857422
2025-08-15,101.0616455078125
2025-08-18,101.0422134399414
2025-08-19,101.1004867553711
2025-08-20,101.05193328857422
2025-08-21,100.91597747802734
2025-08-22,101.22676086425781
2025-08-25,101.24617767333984
2025-08-26,101.3238754272461
2025-08-27,101.43070983886719
2025-08-28,101.5278091430664
2025-08-29,101.45012664794922
2025-09-02,101.24562072753906
2025-09-03,101.49881744384766
2025-09-04,101.81043243408203
2025-09-05,102.49210357666016
2025-09-08,103.0569076538086
2025-09-09,102.90108489990234
2025-09-10,103.3100814819336
2025-09-11,103.68986511230469
2025-09-12,103.64116668701172
2025-09-15,103.83592987060547
2025-09-16,103.88462829589844
2025-09-17,103.8651351928711
2025-09-18,103.78723907470703
2025-09-19,103.68012237548828
2025-09-22,103.68986511230469
2025-09-23,103.64116668701172
2025-09-24,103.56326293945312
2025-09-25,103.46589660644531
2025-09-26,103.47562408447266
2025-09-29,103.63143157958984
2025-09-30,103.69959259033203
2025-10-01,103.88218688964844
2025-10-02,103.85289001464844
2025-10-03,103.87242126464844
2025-10-06,103.95053100585938
2025-10-07,104.02865600585938
2025-10-08,104.05794525146484
2025-10-09,104.04817962646484
2025-10-10,104.33133697509766
2025-10-13,104.4875717163086
2025-10-14,104.42898559570312
2025-10-15,104.57545471191406
2025-10-16,104.88790893554688
2025-10-17,104.88790893554688
2025-10-20,104.97579193115234
2025-10-21,105.04413604736328
2025-10-22,105.06365966796875
2025-10-23,104.99531555175781
2025-10-24,105.06365966796875
2025-10-27,105.07343292236328
2025-10-28,105.01484680175781
2025-10-29,104.86837768554688
2025-10-30,104.82931518554688
2025-10-31,104.94649505615234
2025-11-03,104.8045425415039
2025-11-04,104.9709701538086
2025-11-05,104.73601531982422
2025-11-06,104.9709701538086
2025-11-07,104.96117401123047
2025-11-10,105.01011657714844
2025-11-11,105.27442932128906
2025-11-12,105.1080322265625
2025-11-13,104.93181610107422
2025-11-14,104.71644592285156
2025-11-17,104.83390808105469
2025-11-18,104.9513931274414
2025-11-19,104.79476165771484
2025-11-20,104.86328887939453
2025-11-21,104.90245056152344
2025-11-24,104.94158935546875
2025-11-25,104.99054718017578
2025-11-26,105.13738250732422
2025-11-28,105.16675567626953
2025-12-01,104.89976501464844
2025-12-02,104.84087371826172
2025-12-03,104.89976501464844
2025-12-04,104.88995361328125
2025-12-05,104.93904113769531
2025-12-08,104.88013458251953
2025-12-09,104.82125091552734
2025-12-10,104.9979248046875
2025-12-11,104.9979248046875
2025-12-12,104.88013458251953
2025-12-15,104.87031555175781
2025-12-16,105.01754760742188
2025-12-17,104.98811340332031
2025-12-18,105.0469970703125
2025-12-19,105.02240753173828
2025-12-22,105.0420913696289
2025-12-23,105.10112762451172
2025-12-24,105.26844024658203
2025-12-26,105.19954681396484
2025-12-29,105.34717559814453
2025-12-30,105.4062271118164
2025-12-31,105.41608428955078
2026-01-02,105.54401397705078
2026-01-05,105.6424331665039
2026-01-06,105.7211685180664
2026-01-07,105.94754028320312
2026-01-08,105.82942962646484
2026-01-09,105.9573745727539
2026-01-12,105.84912109375
2026-01-13,105.88847351074219
2026-01-14,106.06562805175781
2026-01-15,106.0262680053711
2026-01-16,105.90816497802734
2026-01-20,105.53418731689453
2026-01-21,105.7999038696289
2026-01-22,105.7900619506836
2026-01-23,105.90816497802734
2026-01-26,105.9573745727539
2026-01-27,106.0262680053711
2026-01-28,106.1050033569336
2026-01-29,105.99673461914062
2026-01-30,106.14436340332031
2026-02-02,106.23218536376953
2026-02-03,106.20259094238281
2026-02-04,106.19271850585938
2026-02-05,106.38019561767578
2026-02-06,106.26179504394531
2026-02-09,106.36045837402344
2026-02-10,106.52821350097656
2026-02-11,106.39993286132812
2026-02-12,106.65647888183594
2026-02-13,106.82423400878906
2026-02-17,106.89330291748047
2026-02-18,106.8735580444336
2026-02-19,107.0215835571289
2026-02-20,107.10051727294922
2026-02-23,107.07091522216797
2026-02-24,107.26827239990234
2026-02-25,107.3077392578125
2026-02-26,107.47547912597656
2026-02-27,107.47547912597656
2026-03-02,107.12126922607422
2026-03-03,106.61668395996094
2026-03-04,106.60679626464844
2026-03-05,106.47816467285156
2026-03-06,106.40892028808594
2026-03-09,106.53753662109375
2026-03-10,106.32975769042969
2026-03-11,106.10220336914062
2026-03-12,105.844970703125
2026-03-13,106.11209869384766
2026-03-16,106.24071502685547
2026-03-17,106.0824203491211
2026-03-18,105.83506774902344
2026-03-19,105.7163314819336
2026-03-20,104.78631591796875
2026-03-23,105.281005859375
2026-03-24,104.54885864257812
2026-03-25,104.87535095214844
2026-03-26,104.47959899902344
2026-03-27,104.51917266845703
2026-03-30,104.82588195800781
2026-03-31,105.02376556396484
2026-04-01,105.46223449707031
2026-04-02,105.64080810546875
2026-04-06,105.60112762451172
2026-04-07,105.72017669677734
2026-04-08,105.90866088867188
2026-04-09,106.14674377441406
2026-04-10,105.9880142211914
2026-04-13,106.14674377441406
2026-04-14,106.2260971069336
2026-04-15,106.02770233154297
2026-04-16,106.12691497802734
2026-04-17,106.51378631591797
2026-04-20,106.56339263916016
2026-04-21,106.38482666015625
2026-04-22,106.45426177978516
2026-04-23,106.47410583496094
2026-04-24,106.51378631591797
2026-04-27,106.55347442626953
2026-04-28,106.44435119628906
2026-04-29,106.18641662597656
2026-04-30,106.27570343017578
2026-05-01,106.24486541748047
2026-05-04,106.1255111694336
2026-05-05,106.20507049560547
2026-05-06,106.42391204833984
2026-05-07,106.42391204833984
2026-05-08,106.43386840820312
2026-05-11,106.37418365478516
2026-05-12,106.15534210205078
2026-05-13,106.07576751708984
2026-05-14,106.09566497802734
2026-05-15,105.55851745605469
2026-05-18,105.51873016357422
2026-05-19,105.11090087890625
2026-05-20,105.36952209472656
2026-05-21,105.51873016357422
2026-05-22,105.6082534790039
2026-05-26,106.0857162475586
2026-05-27,106.3244400024414
2026-05-28,106.46370697021484
2026-05-29,106.60296630859375
2026-06-01,106.65283203125
2026-06-02,106.81239318847656
2026-06-03,106.72264099121094
2026-06-04,106.90216064453125
2026-06-05,106.68274688720703
2026-06-08,106.65283203125
2026-06-09,106.75255584716797
2026-06-10,106.53314971923828
2026-06-11,106.77249908447266
2026-06-12,106.76253509521484
2026-06-15,106.88220977783203
2026-06-16,106.88220977783203
2026-06-17,106.6927261352539
2026-06-18,107.04177856445312
2026-06-22,107.03180694580078
2026-06-23,106.97196960449219
2026-06-24,107.17143249511719
2026-06-25,107.29110717773438
2026-06-26,107.31105041503906
2026-06-29,107.42076110839844
2026-06-30,107.33100128173828
2026-07-01,107.33999633789062
2026-07-02,107.5
2026-07-06,107.56999969482422
2026-07-07,107.23999786376953
2026-07-08,106.91000366210938
2026-07-09,106.94000244140625
2026-07-10,107.01000213623047
2026-07-13,106.9000015258789
2026-07-14,106.94999694824219
2026-07-15,106.76000213623047
2026-07-16,106.62000274658203
2026-07-17,106.58000183105469
2026-07-20,106.4000015258789
2026-07-21,106.16999816894531
2026-07-22,105.87999725341797
2026-07-23,105.26000213623047
2026-07-24,105.55000305175781
2026-07-27,105.80000305175781
2026-07-28,106.0
2026-07-29,105.7699966430664
2026-07-30,105.76000213623047
2026-07-31,105.63999938964844
2026-08-03,105.41999816894531
